Vendas,Publicidade,Num_Funcionarios,Preco_Medio,Promocoes,Localizacao,Tipo_Supermercado,Estoque_Medio,Marketing_Total
"8590,098634","4439,524353",25,"19,29743021",Sim,Bairro,Grande,"8342,514594","2005,605259"
"10692,60149",,31,"22,27902599",Sim,Centro,Médio,"10805,10179","2570,997917"
"11344,6542","6558,708314",42,"14,27213546",Sim,Bairro,Médio,"12097,61926","3639,525312"
"6496,961908","5070,508391",33,"18,75174656",Sim,Bairro,Pequeno,"9945,392287","2429,25371"
"7327,753273","5129,287735",30,"17,89850862",Sim,Bairro,Grande,"11200,25974","2372,29516"
"12753,95444","6715,064987",35,"20,97832252",Sim,Centro,Pequeno,"13216,38432","3455,43858"
"7966,977786","5460,916206",30,"21,78659757",Sim,Centro,Médio,"8838,489667","2998,737922"
"5695,666446","3734,938765",26,"19,38191011",Sim,Bairro,Médio,"8232,93182","1753,387495"
"9662,846855","4313,147148",30,"16,16892889",Sim,Centro,Médio,"11231,83333","2181,289138"
"7794,086455","4554,33803",31,"15,35142892",Sim,Centro,Médio,"10363,63747","2195,343356"
"9990,476759","6224,081797",31,"21,39260305",Não,Bairro,Grande,"10436,8934","3269,856242"
"9680,81551","5359,813827",21,"26,78418426",Sim,Zona Rural,Grande,"10859,60143","2693,439484"
"5475,879358","5400,771451",31,"16,06432203",Sim,Centro,Médio,"10425,78196","2870,799123"
"7985,489448","5110,682716",22,"18,07600664",Sim,Centro,Grande,"11060,81505","2557,217349"
"4305,894431","4444,158865",35,"21,6534028",Sim,Bairro,Pequeno,"7546,222778","2268,437512"
"8066,545707","6786,913137",34,"17,22689775",Não,Centro,Médio,"10871,0153","3573,275797"
"14669,98266","5497,850478",42,"20,60786157",Sim,Bairro,Pequeno,"13945,5973","2604,949499"
"9239,688901","3033,382843",30,"19,76201942",Não,Bairro,Médio,"9983,190479","1647,746567"
"11080,81623","5701,355902",30,"16,11874205",Sim,Centro,Médio,"9164,714198","2511,071992"
"7478,835982","4527,208592",30,"24,15720626",Sim,Centro,Pequeno,"11067,09897","2366,751664"
"10533,24004","3932,176294",30,"24,23153919",Não,Centro,Pequeno,"12572,53758","2130,604005"
"5588,777719","4782,025085",30,"25,12069753",Sim,Centro,Médio,"9914,786701","2391,875798"
"4483,599146","3973,995552",34,"26,33998293",Não,Centro,Grande,"11062,79073","2100,716107"
"2791,20982","4271,108771",33,"17,46819106",Sim,Bairro,Grande,"9089,137044","2253,087426"
"9157,389776","4374,960732",26,"17,67759052",Sim,Centro,Grande,"8688,218187","1915,044703"
"6477,431808","3313,306689",21,"21,30609",Sim,Zona Rural,Médio,"9052,749491","1685,825759"
"9592,729629","5837,787044",32,"23,15040488",Sim,Centro,Grande,"12663,94521","3054,848898"
"10881,29658",,26,"18,30186922",Sim,Centro,Pequeno,"13090,17962","2716,328197"
"6863,077595","3861,863063",25,"17,88327596",Sim,Bairro,Médio,"7736,628965","1873,199518"
"9624,796048","6253,814921",29,"16,90864236",Sim,Bairro,Médio,"10372,121","3022,067795"
"11640,76339","5426,464221",34,"27,41100945",Sim,Centro,Médio,"10885,35102","2578,901651"
"11989,75994","4704,928517",24,"7,45916824",Sim,Centro,Grande,"7165,770956","2081,133865"
"11327,29248","5895,125661",23,"19,16210983",Sim,Zona Rural,Pequeno,"10502,89409","2907,716785"
"9464,864356","5878,133488",28,"20,19106439",Não,Zona Rural,Pequeno,"9157,263648","3046,225084"
"5979,170119","5821,581082",20,"14,70195199",Sim,Centro,Grande,"6399,000664","3370,112898"
"9188,255993","5688,640254",25,"21,92712947",Sim,Centro,Médio,"11447,24666","2691,521846"
"9653,004814",,30,"10,16456158",Não,Centro,Grande,"8947,303842","2497,946524"
"6723,160363","4938,088289",32,"24,77484431",Sim,Centro,Médio,"6998,324351","2914,883218"
"13359,30257","4694,037336",27,"11,68319708",Sim,Bairro,Médio,"14254,70762","2576,003444"
"8491,244999","4619,528999",33,"8,9863256",Sim,Bairro,Grande,"11605,50737","2297,077666"
"6141,278609","4305,293021",24,"16,18218087",Não,Bairro,Pequeno,"12341,35691","2295,883615"
"8120,04329","4792,082722",24,"20,81040197",Sim,Centro,Médio,"10299,54946","2532,331768"
"2300,718562","3734,603648",31,"16,74216418",Não,Bairro,Pequeno,"5200,092163","1905,355884"
"11479,7054","7168,955965",29,"17,20356502",Não,Bairro,Pequeno,"8712,250495","3824,691592"
"7447,947266","6207,961998",35,"21,66602488",Não,Centro,Pequeno,"7064,513144","3089,964441"
"2889,381942","3876,891417",22,"14,70549539",Sim,Bairro,Grande,"9036,31024","2027,65649"
"8199,071646","4597,115165",33,"19,57075227",Sim,Centro,Médio,"10552,18257","2566,138254"
"10123,49272","4533,344646",29,"22,48966496",Sim,Bairro,Grande,"11057,86805","1965,900721"
"7048,606046","5779,965118",24,"28,16994828",Sim,Bairro,Médio,"10139,51923","2552,906317"
"5002,495201","4916,630934",29,"22,39725941",Sim,Centro,Grande,"7145,089677","2720,735003"
"8959,752659","5253,318514",29,"28,57381496",Não,Centro,Grande,"11158,47633","2824,598448"
"9933,999906","4971,453245",16,"22,26580017",Não,Centro,Grande,"8478,841027","2547,061617"
"6296,745313","4957,129543",26,"19,98379437",Sim,Centro,Grande,"5786,248776","2430,700717"
"12051,00496","6368,602284",43,"8,717325719",Sim,Bairro,Pequeno,"7207,631892","3326,68792"
"12934,92702","4774,229014",33,"13,87670724",Não,Centro,Médio,"11582,011","2055,432975"
"8534,448854","6516,470604",27,"18,40518688",Sim,Bairro,Grande,"10579,79407","3173,965515"
"8287,587346","3451,247196",29,"23,56135228",Sim,Centro,Médio,"8422,268058","1544,593772"
"5248,363305","5584,61375",25,"18,38743213",Não,Zona Rural,Grande,"2529,375992","3236,840942"
"10462,70915","5123,854244",32,"22,71824311",Não,Bairro,Grande,"11201,29303","2340,291061"
"14366,99902","5215,941569",28,"14,68094324",Sim,Zona Rural,Grande,"11135,17684","2446,68608"
"11191,98951","5379,639483",31,"18,62935141",Sim,Bairro,Médio,"9631,836475","2475,056789"
"6414,584753","4497,676547",31,"21,08503016",Não,Bairro,Pequeno,"8491,244818","1894,258052"
"3689,936563","4666,792616",23,"18,20307141",Sim,Zona Rural,Pequeno,"7151,639508","2348,959688"
"7874,542498","3981,424617",39,"20,56415847",Não,Centro,Pequeno,"8849,782833","2164,300479"
"9139,867793","3928,208774",33,"16,64625987",Sim,Centro,Médio,"9253,594375","1934,776954"
"9594,872759","5303,528641",24,"21,87172612",Sim,Bairro,Médio,"8130,459432","3082,852822"
"12398,83141","5448,209779",37,"19,59472554",Sim,Bairro,Grande,"7884,091293","2367,100099"
"10480,05316","5053,004227",34,"19,76475327",Sim,Bairro,Médio,"12134,15935","2561,193288"
"9453,030358","5922,267468",20,"10,25606457",Não,Bairro,Médio,"8946,684681","2929,480536"
"10875,89873","7050,084686",22,"16,63165709",Não,Centro,Médio,"10688,50431","3829,708025"
"11879,08332","4508,968834",37,"12,55177958",Sim,Centro,Médio,"10518,61229","2280,777772"
"9376,880528","2690,831124",32,"11,97140971",Não,Centro,Grande,"10878,16154","1143,18524"
"8378,181124","6005,738524",33,"17,5305845",Sim,Centro,Pequeno,"9016,731476","3062,119112"
"6136,127009","4290,799237",23,"19,19600816",Não,Centro,Médio,"11146,49971","2120,130723"
"7970,208809","4311,991384",35,"21,41800113",Não,Bairro,Pequeno,"10287,2084","2203,626006"
"10598,83752","6025,57137",38,"25,45631325",Sim,Centro,Pequeno,"12407,75719","2732,823766"
"8445,573202","4715,226993",32,"22,22200148",Sim,Centro,Médio,"10286,02869","2482,612037"
"5517,983009","3779,282288",30,"25,0603517",Sim,Bairro,Médio,"8588,730083","2241,288516"
"9791,568019","5181,30348",39,"17,36844856",Não,Bairro,Médio,"13253,46668","2537,644082"
"10378,29303","4861,108638",24,"18,46079913",Não,Centro,Grande,"9450,67232","2651,376627"
"8308,22098","5005,764186",23,"25,42584442",Sim,Centro,Grande,"10370,41374","2782,641949"
"14003,08798","5385,280401",28,"20,00603592",Não,Centro,Grande,"13238,67459","2883,39668"
"8287,17224","4629,339968",32,"11,59877642",Sim,Centro,Médio,"10627,34866","2173,270858"
"6803,791664","5644,376549",24,"15,7672224",Sim,Bairro,Médio,"11378,63922","2326,847799"
"5417,013313","4779,513438",19,"25,0379603",Sim,Centro,Grande,"5156,259558","2580,87935"
"10406,20896","5331,781964",39,"16,94631371",Sim,Centro,Médio,"7543,148671","2603,067007"
"8104,684231","6096,839013",30,"21,66722066",Sim,Centro,Médio,"7984,88277","3033,646399"
"6754,825241","5435,181491",31,"20,07111348",Não,Centro,Grande,"10536,19488","2689,616952"
"8114,420669","4674,068414",28,"17,51821196",Sim,Centro,Médio,"11264,15219","2343,750581"
"8636,349218","6148,807618",32,"18,24606804",Sim,Bairro,Médio,"7208,340662","2826,340268"
"12401,713","5993,503856",24,"21,95860274",Sim,Centro,Médio,"11614,0692","3011,421032"
"15067,38815","5548,39696",35,"21,04789414",Sim,Centro,Médio,"16910,4813","2708,60479"
"10668,92024","5238,731735",26,"26,1733507",Sim,Bairro,Médio,"12050,90252","2719,895862"
"8469,093057","4372,093924",30,"19,00090108",Não,Bairro,Médio,"8199,475693","1799,812918"
"7584,887885","6360,652449",33,"15,38395979",Sim,Centro,Pequeno,"7604,683044","2927,377638"
"10147,85114","4399,740413",33,"20,82951551",Sim,Bairro,Grande,"8725,764155","2204,524784"
"14494,72126","7187,332993",38,"23,52667277",Sim,Centro,Médio,"13189,6266","3565,585034"
"9666,544477","6532,610626",26,"31,40983478",Não,Centro,Médio,"9768,338998","3222,416108"
"10537,26378","4764,299641",19,"17,68158493",Não,Bairro,Grande,"9354,901489","2658,08254"
"9824,510891","3973,5791",29,"18,36823214",Sim,Bairro,Médio,"12145,26856","1930,899663"
"11533,43738","4289,593436",24,,Sim,Zona Rural,Pequeno,"13439,63493","2085,828647"
"9927,49857","5256,883709",24,"26,40643063",Não,Bairro,Médio,"8478,426675","2429,410345"
"7107,956174","4753,308122",29,"16,70659072",Sim,Centro,Pequeno,"10587,21427","2258,216038"
"10834,05299","4652,457401",39,"23,32285227",Sim,Bairro,Médio,"8782,815231","2551,424574"
"9129,619239","4048,381433",32,"17,17421243",Não,Centro,Grande,"8017,611768","2388,399689"
"11201,47885","4954,972275",27,"15,18910865",Sim,Centro,Médio,"12067,7662","2800,226266"
"7895,125669","4215,095531",22,"23,11680451",Não,Bairro,Grande,"9350,606121","1970,785686"
"5490,308447","3332,058063",31,"20,53248886",Não,Centro,Pequeno,"11203,35849","1885,073927"
"4370,877255","4619,77348",27,"21,94665439",Não,Bairro,Pequeno,"8020,113664","2042,291893"
"11241,18843","5918,996609",24,"17,09748252",Sim,Bairro,Grande,"10509,30905","2791,008734"
"5700,065475","4424,653037",29,"28,97488978",Sim,Bairro,Grande,"5748,65987","2275,208727"
"9080,776114","5607,964322",25,"23,32644005",Sim,Bairro,Pequeno,"7753,371908","3192,09174"
"8041,021685","3382,117292",23,"18,12798787",Não,Zona Rural,Médio,"12024,04228","1704,55594"
"6807,196766","4944,438034",31,"23,51374466",Sim,Zona Rural,Médio,"8660,826193","2681,105002"
"12020,42511","5519,407204",20,"13,92742808",Sim,Centro,Pequeno,"9875,805334","2745,295133"
"8092,967653","5301,153362",29,"19,31124937",Sim,Zona Rural,Grande,"7660,271082","2651,935022"
"5020,456153","5105,676194",29,"27,01678949",Sim,Bairro,Médio,"6733,723565","2636,242101"
"9599,424584","4359,293992",28,"19,05580344",Não,Centro,Grande,"9568,35735","2503,827879"
"11365,88301","4150,295654",21,"24,55245186",Não,Centro,Grande,"11021,85496","1918,438215"
"4406,931413","3975,871209",20,"18,89039",Não,Centro,Médio,"8046,151649","1938,226259"
"9619,996895","5117,646597",32,"8,509867998",Sim,Centro,Médio,"10272,30657","2622,123993"
"8770,169188","4052,525386",29,"15,59893727",Não,Bairro,Pequeno,"13088,83357","2040,796861"
"7795,015649","4509,442556",19,"21,11367845",Sim,Centro,Médio,"9574,74122","2008,786357"
"7730,500022","4743,907808",26,"27,23276355",Não,Zona Rural,Pequeno,"9823,031155","2347,539164"
"11370,89658","6843,862005",24,"17,03298937",Sim,Centro,Médio,"9809,313256","3559,147516"
"10396,06379","4348,050098",35,"21,37989506",Não,Centro,Médio,"10392,98508","2138,03248"
"8654,733516","5235,386572",32,"15,17590355",Sim,Centro,Médio,"11242,04816","2635,421952"
"8481,269781","5077,96085",28,"14,91771879",Não,Centro,Médio,"8706,471994","2273,140753"
"10846,50707","4038,143366",35,"16,11341678",Sim,Bairro,Pequeno,"11444,79831","1928,371702"
"7189,835683","4928,691914",34,"26,84531034",Sim,Zona Rural,Grande,"8446,735774","2304,97389"
"10072,97385","6444,550858",24,"24,70155045",Sim,Centro,Médio,"10302,14979","3282,271872"
"12679,7798","5451,504053",32,"22,96832579",Não,Zona Rural,Pequeno,"11451,62353","2643,74715"
"4312,706278","5041,232922",26,"25,57731277",Sim,Centro,Médio,"7758,045433","2414,492563"
"9719,540651","4577,503168",24,"17,87787502",Sim,Bairro,Pequeno,"10568,68651","2464,930263"
"6705,69973","2946,752778",23,"23,79788468",Sim,Centro,Médio,"10736,93498","1471,810046"
"6634,796275","6131,337213",30,"21,04814639",Não,Centro,Médio,"9600,895272","3462,30514"
"8084,628902","3539,359929",26,"14,75449538",Não,Centro,Médio,"9045,155106","1373,729783"
"8669,653795","5739,947511",29,"15,84468889",Sim,Centro,Médio,"8582,500155","3084,588533"
"10360,70645","6909,103569",35,"20,25026466",Sim,Centro,Grande,"12479,5835","3497,174228"
"7593,661194","3556,106839",34,"21,02815031",Sim,Bairro,Grande,"7537,367385","1532,54138"
"11845,23315","5701,784335",29,"18,39320791",Sim,Bairro,Grande,"11048,87295","2889,910445"
"8145,729112","4737,802511",27,"15,01754378",Sim,Zona Rural,Pequeno,"9756,959506","2412,559586"
"10642,6711","3427,855841",26,"9,545540298",Sim,Centro,Pequeno,"7585,584934","1671,090494"
"9959,725663","3485,332346",26,"22,1261774",Não,Centro,Grande,"8277,26301","1749,237531"
"5532,918627","3398,463826",40,"18,52364145",Sim,Centro,Médio,"8125,931441","1948,127344"
"11515,72551","4469,093478",36,"22,74580442",Sim,Centro,Médio,"10902,97058","2312,125741"
"11866,91186","3538,244415",34,"12,27054093",Sim,Centro,Grande,"9448,264152","1554,440417"
"9550,493419","5687,916773",26,"13,73332032",Sim,Bairro,Pequeno,"12410,47941","2680,111466"
"14648,79168","7100,108941",29,"19,44334063",Sim,Bairro,Grande,"9967,469585","3109,466815"
"10856,49029","3712,969524",27,"12,93593232",Sim,Bairro,Pequeno,"8985,415455","1977,448267"
"11454,27171","5787,738847",27,"10,08523075",Não,Centro,Grande,"8921,377406","2828,385279"
"10678,28135","5769,042241",32,"23,91797704",Sim,Centro,Grande,"8241,394726","2953,019693"
"6370,543512","5332,202579",29,"24,5043467",Sim,Centro,Médio,"9876,41996","2711,827445"
"12414,1809","3991,623392",32,"14,85018179",Sim,Bairro,Grande,"8319,764304","1865,408244"
"8073,27564","4880,547393",24,"18,63971366",Sim,Zona Rural,Grande,"9892,730493","2420,498589"
"9223,381111","4719,604665",26,"14,33013547",Sim,Zona Rural,Grande,"10819,09758","2550,624989"
"9871,909362","5562,989533",25,"21,58213458",Sim,Centro,Médio,,"2692,22635"
"8646,658583","4627,561244",39,"19,85160849",Sim,Bairro,Médio,"9120,296308","2375,206499"
"14035,72233","5976,973387",29,"15,65269775",Não,Bairro,Grande,"10622,08701","2998,430699"
"6945,728605","4625,419142",20,"16,12891228",Não,Bairro,Médio,"9941,741334","1881,13377"
"7929,656957","6052,711466",28,"14,68959403",Sim,Centro,Médio,"7578,777311","2753,902308"
"8858,096693","3950,822993",30,"22,18187131",Sim,Bairro,Médio,"10806,28347","1771,528766"
"9217,283856","3739,844755",30,"22,85504424",Sim,Zona Rural,Grande,"9934,411776","2088,228301"
"18123,07172","8241,039935",31,"21,88237447",Sim,Bairro,Médio,"12153,74843","3958,460501"
"6476,321034","4583,142412",25,"15,78555151",Sim,Centro,Médio,"10758,92692","2193,672008"
"11786,67217","5298,227592",28,"11,06915186",Sim,Centro,Grande,"8266,288733","2812,141664"
"11950,10261","5636,569674",26,"22,65437832",Sim,Centro,Grande,"11382,80799","2909,895231"
"10277,56294","4516,219374",31,"19,11470526",Sim,Bairro,Pequeno,"9239,178949","2117,207764"
"7380,642715","5516,862044",29,"19,80303825",Sim,Zona Rural,Pequeno,"11132,08474","2263,597735"
"11009,73387","5368,964527",24,"25,16063992",Sim,Bairro,Grande,"12839,50602","2849,443333"
"8770,446815","4784,619492",25,"15,53242083",Sim,Zona Rural,Grande,"9376,592284","1849,522273"
"6428,517332","5065,293034",37,"25,72007663",Sim,Centro,Grande,"11403,95371","2692,789296"
"5193,378915","4965,932746",30,"17,93404252",Sim,Bairro,Pequeno,"6568,4883","2502,388192"
"6612,631146","7128,451899",28,"16,43406089",Sim,Bairro,Grande,"4661,559326","3601,021307"
"9824,147353","4258,663904",31,"18,97126928",Sim,Centro,Médio,"6417,707035","2137,11725"
"6745,627524","3904,003733",23,"21,95009864",Sim,Bairro,Grande,"10240,19245","2109,766244"
"8525,136131","5037,788399",31,"18,96392177",Sim,Bairro,Grande,"4840,098231","2988,68723"
"8746,911515","5310,480749",30,"15,4974639",Sim,Centro,Grande,"4737,201101","2729,29989"
"10431,25859","5436,523479",32,"18,59187861",Sim,Centro,Grande,"14441,9436","3072,134248"
"11446,94955","4541,634667",25,"7,290344494",Sim,Centro,Grande,"10648,79932","2471,912451"
"10221,83642","3936,673866",26,"17,45744159",Sim,Zona Rural,Grande,"10539,47128","1932,122941"
"7494,958429","6263,185176",25,"22,27983109",Não,Zona Rural,Grande,"9879,133104","2974,875986"
"12285,09587","4650,349612",34,"19,15370113",Sim,Bairro,Grande,"12574,27107","2352,589326"
"7670,07256","4134,487137",22,"23,44163861",Sim,Centro,Grande,"9522,843645","2330,767723"
"9819,36015","4763,720431",37,"22,42991217",Sim,Bairro,Grande,"11511,79398","2312,38918"
"6318,452611","4802,824106",24,"23,22823373",Sim,Centro,Médio,"10207,36634","2394,614511"
"7924,537662","6109,92029",24,"23,28022473",Sim,Centro,Pequeno,"8832,002465","2941,359288"
"6603,605983","5084,737292",28,"11,30709619",Sim,Zona Rural,Médio,"8227,550536","2457,157005"
"7381,847303","5754,053785",29,"20,0207984",Sim,Bairro,Pequeno,"6453,058005","2721,652722"
"7089,371831","4500,707983",35,"28,15033667",Não,Centro,Pequeno,"9850,723126","2118,109898"
"7168,6169","5214,44531",33,"17,59757386",Sim,Zona Rural,Médio,"6834,503917","2672,924611"
"9934,630574","4675,314089",21,"22,26401221",Sim,Centro,Médio,"9046,197783","1944,27246"
"5406,26116","5094,583528",25,"20,71696865",Não,Centro,Médio,"7635,923657","2961,431636"
"8572,074536","4104,636642",33,"22,78506113",Sim,Centro,Grande,"10198,93849","2066,447737"
"11117,73165","3689,198467",36,"18,63984941",Sim,Centro,Médio,"12589,44304","1964,154488"
"13707,49903","6997,213385",26,"16,75850352",Sim,Centro,Pequeno,"11940,88619","3584,110855"
"7952,933229","5600,708824",33,"20,35980422",Sim,Bairro,Pequeno,"8264,250736","2895,094218"
"6747,21814","3748,728638",36,"21,03907415",Sim,Bairro,Grande,"5747,502862","1946,230658"
"9589,458701","4388,834083",25,"19,07333855",Não,Centro,Médio,"9589,174196","2458,515861"
"7293,898883","3814,519915",26,"20,15720333",Sim,Bairro,Médio,"7786,673154","1778,680425"
"9105,84098","7198,810349",17,"22,05675967",Sim,Bairro,Pequeno,"8902,152027","3990,872659"
"10130,26761","6312,412976",39,"16,11908055",Sim,Bairro,Pequeno,"10637,82803","3201,730383"
"9121,741045","4734,854943",33,"25,69838829",Sim,Bairro,Grande,"9829,920937","2283,16115"
"10243,78021","5543,194059",17,"31,00380135",Sim,Centro,Grande,"14534,98706","3044,052763"
"9990,111198","4585,660052",37,"27,38602664",Sim,Centro,Grande,"10045,67051","2332,153018"
"10142,07348","4523,753105",25,"17,72791075",Sim,Centro,Grande,"12135,80861","2045,44553"
"9044,20564","4211,397162",37,"10,88556365",Sim,Bairro,Grande,"7961,524414","1596,999022"
"8465,021835","4405,382733",31,"20,27098979",Não,Centro,Grande,"9557,935441","2192,607599"
"10394,94483","6650,907467",37,"24,4013661",Sim,Centro,Grande,"11583,26349","3521,332734"
"12949,27736","4945,971875",27,"23,89053349",Sim,Centro,Grande,"11353,84582","2244,411947"
"7406,750318","5119,245236",33,"13,85126613",Sim,Centro,Grande,"7313,203696","2042,45695"
"12220,09708","5243,68743",36,"14,43425745",Sim,Bairro,Grande,"8768,301055","2820,291094"
"10162,37061","6232,475878",24,"20,66872317",Sim,Centro,Grande,"9985,252599","3023,847612"
"4578,013288","4483,936169",23,"23,13040673",Sim,Bairro,Grande,"9665,136847","1923,470833"
"5987,418225","4007,49285",31,"24,36465832",Sim,Centro,Médio,"8911,694291","2001,3359"
"10874,42014","6675,696932",31,"24,08195989",Sim,Centro,Médio,"7597,380772","3209,859913"
"7757,250791","4558,836783",27,"15,16012254",Sim,Bairro,Médio,"12974,25757","2165,144811"
"10149,90451","4276,93403",29,"13,43697472",Sim,Bairro,Médio,"11545,62611","1807,289816"
"7486,44353","3763,726881",35,"9,93740111",Sim,Bairro,Médio,"12208,00876","2149,276172"
"7762,540731","3715,284278",33,"22,52466349",Sim,Centro,Pequeno,"10071,89962","1768,197862"
"10550,19764","4426,026521",28,"24,14055783",Não,Bairro,Médio,"12173,04328","2312,158628"
"9761,570843","5617,985817",33,"21,67925344",Sim,Bairro,Grande,"10854,62196","3087,690818"
"11945,65007","6109,848139",30,"14,70437777",Sim,Centro,Pequeno,"9781,529606","2800,546181"
"10208,82559","5707,588354",32,"27,83858375",Sim,Centro,Grande,"8620,19952","2804,923795"
"9657,404049","4636,342703",34,"18,14926688",Sim,Bairro,Pequeno,"7516,228779","2520,314929"
"10780,652","5059,749937",26,"28,89519181",Sim,Bairro,Pequeno,"10607,21989","2189,453273"
"11498,0266",,34,"22,75701003",Não,Bairro,Médio,"11968,99473","2382,625274"
"8249,238434","4282,781838",34,"25,95155323",Sim,Bairro,Médio,"9505,958051","2254,307273"
"10072,30275","5884,650499",42,"21,65301113",Sim,Centro,Grande,"8187,444578","2713,639327"
"9066,858625","3984,407421",26,"19,67673886",Não,Centro,Médio,"11677,34873","1511,898207"
"10405,19417","6955,293965",25,"14,93725966",Sim,Centro,Médio,"7863,726158","3173,249864"
"7211,158572","4909,680406",25,"17,20742905",Não,Bairro,Grande,"9600,022445","2454,193178"
"7183,936203","5214,538827",20,"19,76446082",Sim,Centro,Médio,"9857,920987","2597,143888"
"10909,58674",,46,"21,41037034",Sim,Centro,Grande,"11813,45156","1658,678257"
"5877,464786","4425,61131",27,"19,83390394",Sim,Centro,Grande,"6494,237453","2554,043915"
"7037,990358","3682,983868",24,"19,11014005",Não,Centro,Pequeno,"11153,65456","1871,493325"
"8284,569956","4817,074612",26,"20,91742758",Sim,Bairro,Grande,"8047,959845","2130,16845"
"7399,110597","5418,982405",26,"17,37813979",Sim,Bairro,Médio,"9320,884093","2485,221094"
"4407,416039","5324,304344",25,"17,32031272",Sim,Bairro,Médio,"10027,56553","2827,611858"
"12802,51448","4218,463513",32,"12,72147649",Não,Bairro,Médio,"9984,664148","2016,525114"
"5506,181041","4211,378029",26,"24,23135735",Sim,Bairro,Médio,"9719,157114","2389,965124"
"10542,80858","4497,801282",33,"20,23466184",Sim,Centro,Grande,"8037,915946","2049,074548"
"9302,007542","6496,06067",37,"19,58187883",Sim,Centro,Médio,"10711,67925","3339,579614"
"9488,754252","3862,696379",32,"16,29540693",Sim,Bairro,Médio,"10633,72031","2148,035732"
"9173,345521","4820,948406",35,"18,76113068",Sim,Centro,Grande,"9022,6461","2248,119544"
"12089,24459","6902,361822",33,"14,56608572",Não,Centro,Pequeno,"11158,43455","3521,053231"
"8018,381363","4899,025115",32,"14,75351324",Sim,Centro,Grande,"12975,9889","2305,74128"
"9329,396797","3640,159296",32,"10,40524114",Sim,Bairro,Médio,"10667,4692","2119,288085"
"8530,889252","4335,230565",37,"24,90849386",Sim,Bairro,Médio,"11626,24519","2272,268711"
"11612,93818","5485,459979",24,"20,62982041",Não,Centro,Médio,"10903,01143","2814,229605"
"9724,739107","4624,397128",26,"14,41611812",Sim,Bairro,Grande,"11652,16801","2384,852478"
"8379,623219","4438,123636",29,"25,81893302",Sim,Bairro,Grande,"10930,1386","2003,533114"
"4172,385352","4656,082766",30,"23,12295842",Sim,Centro,Médio,"9479,913552","2405,187837"
"8999,031497","5090,496647",34,"23,71191137",Sim,Zona Rural,Médio,"10689,03361","2901,509343"
"11988,32826","6598,508771",34,"18,87114717",Não,Centro,Médio,"11470,49236","3239,806304"
"7086,074545","4911,434888",28,"17,88563997",Sim,Centro,Pequeno,"8341,738618","2689,739138"
"9510,940346","6080,799496",28,"19,50973549",Sim,Bairro,Grande,"10450,81149","2882,030471"
"11285,13024","5630,754116",30,"22,02345328",Sim,Bairro,Médio,"12388,47385","2427,033831"
"5614,166283","4886,360104",35,"23,99957303",Sim,Centro,Médio,"8706,946482","2289,218104"
"8360,926129","3467,097997",32,"27,94734575",Não,Centro,Grande,"9968,558022","1353,982982"
"10978,81131","4478,882682",37,"17,45464798",Sim,Centro,Médio,"9733,907582","2102,346325"
"10470,36484","4510,129547",29,"14,92217626",Não,Bairro,Grande,"12639,40769","2100,514248"
"7981,471661","5047,154433",36,"20,50429333",Não,Centro,Grande,"8333,059344","2460,701056"
"8873,709558","6300,198678",34,"35,11052093",Sim,Centro,Grande,"10255,44539","2894,33953"
"11762,44722","7293,078974",33,"17,85692077",Não,Centro,Grande,"9476,703814","3959,727463"
"6308,868196","6547,581059",32,"25,72840609",Sim,Bairro,Médio,"8728,361129","3215,191136"
"8774,267639","4866,849036",28,"18,78450895",Não,Centro,Pequeno,"14349,35309","2308,304842"
"4777,254281","3243,472604",29,"17,60728381",Sim,Bairro,Pequeno,"10669,92127","1614,122026"
"9634,089627","4611,220136",31,"16,44791439",Não,Zona Rural,Grande,"12142,85525","2602,405452"
"8988,500586","5089,207223",30,"18,94377686",Não,Bairro,Médio,"11077,22899","2652,422925"
"9525,073762","5845,013004",35,"28,20892235",Não,Centro,Médio,"11853,08513","3018,644561"
"10751,54202","5962,527968",29,"21,5092336",Não,Centro,Pequeno,"14095,81212","2682,940747"
"5043,601611","5684,309429",29,"22,43664562",Não,Centro,Médio,"10123,07198","2874,332613"
"6549,925473","3604,72565",27,"24,19367896",Sim,Centro,Grande,"11846,90774","1528,604229"
"8782,796077","5849,643046",29,"30,35870756",Sim,Centro,Médio,"12656,00801","3207,854616"
"9982,272355","4553,442784",35,"23,87809421",Sim,Centro,Médio,"12696,5484","2493,262073"
"12529,77612","5174,8027",27,"12,86444324",Sim,Bairro,Médio,"15577,10672","2675,584052"
"8159,118299","5074,551177",29,"14,83244332",Sim,Centro,Grande,"10574,50989","2652,137872"
"12830,25077","5428,166765",28,"12,05272443",Sim,Bairro,Grande,"10119,50663","2534,872469"
"11072,21449","5024,674983",42,"5,757266151",Sim,Bairro,Pequeno,"10511,64976","2364,688841"
"6341,550147","3332,524902",22,"26,45366964",Sim,Bairro,Pequeno,"12140,00836","1981,842032"
"11248,7454","5736,495965",29,"17,53138063",Sim,Centro,Médio,"11970,12237","2615,888813"
"12014,42379","5386,026568",38,"21,97485339",Sim,Bairro,Grande,"10621,47101","2741,819262"
"9725,803947","4734,348375",30,"25,90808927",Sim,Bairro,Médio,"10934,87753","2262,393188"
"9535,466987","5118,144511",30,,Não,Centro,Grande,"11952,82571","2552,288046"
"4702,624099","5134,038645",31,"19,32516176",Sim,Centro,Pequeno,"6886,935866","2730,039985"
"12250,85629","5221,019469",25,"21,7512809",Sim,Bairro,Grande,"12620,64113","2694,919441"
"6696,325011","6640,846166",34,"21,12939611",Sim,Centro,Médio,"8146,28724","3714,00428"
"7316,075071","4780,949621",27,"16,12842375",Sim,Centro,Pequeno,"10446,83616","2565,27164"
"12951,04388","5168,065384",28,"23,65407805",Não,Bairro,Grande,"13484,37945","2575,819696"
"8622,218806","6168,383873",23,"22,72817764",Sim,Centro,Médio,"10466,02179","2595,23655"
"8061,211176","6054,181023",25,"18,55775352",Sim,Bairro,Pequeno,"8647,399988","3011,290678"
"11574,22936","6145,26311",33,"13,88809545",Sim,Centro,Grande,"9176,514917","3217,428099"
"11122,18704","4422,531999",23,"23,16666798",Sim,Bairro,Grande,"9894,522876","2150,872916"
"6954,75431","7002,48273",33,"27,13759828",Não,Centro,Grande,"7974,816071","3781,761138"
"9268,442245","5066,700871",31,"26,90258747",Não,Bairro,Médio,"9950,596526","2592,227299"
"10791,64035","6866,851845",38,"24,36317283",Sim,Zona Rural,Grande,"9836,454244","3414,66842"
"10285,04179","3649,097314",24,"17,58432466",Sim,Bairro,Pequeno,"9562,779512","1621,121837"
"12633,95307","5020,983586",33,"17,3432654",Sim,Zona Rural,Grande,"10775,61211","2128,782871"
"9803,288723","6249,914571",25,"17,06157622",Sim,Bairro,Médio,"9859,176955","2863,573785"
"6221,23588","4284,757813",20,"17,94151066",Não,Zona Rural,Grande,"9059,241946","2384,9588"
"5554,653261","4247,311032",26,,Sim,Centro,Grande,"9047,979811","2306,424121"
"5623,450534","4061,461296",22,"21,28198377",Sim,Bairro,Grande,"8888,880822","2162,943381"
"8420,457288","3947,486721",31,"10,71819707",Sim,Centro,Grande,"8883,72966","1835,623541"
"6150,257226","4562,840467",26,"10,69706185",Sim,Centro,Médio,"8963,450029","2357,820048"
"7519,765491","5331,179173",24,"19,88582953",Não,Centro,Médio,"8634,809261","2577,305048"
"5853,672319","2985,789502",48,"20,74969374",Sim,Bairro,Médio,"8215,15788","1767,111619"
"13937,52701","5211,980433",31,"8,46262829",Sim,Bairro,Pequeno,"10529,85877","2824,052543"
"13389,71165","6236,675046",34,"15,91776387",Sim,Bairro,Grande,"10134,22895","3076,81019"
"13179,093","7037,574018",36,,Sim,Bairro,Médio,"12682,29244","3255,501936"
"6933,07974","6301,175992",26,"27,30892958",Sim,Bairro,Grande,"8020,447618","3767,419545"
"14828,41815","5756,774764",33,"9,935656358",Não,Bairro,Médio,"11362,90936","2945,898356"
"6889,307008","3273,269601",32,"13,72277861",Sim,Bairro,Médio,"8712,059467","1738,90968"
"9776,558942","4398,493292",26,"14,59846576",Sim,Zona Rural,Grande,"10695,45562","2128,652005"
"2970,631253","4647,953543",28,"20,87698039",Não,Bairro,Grande,"6301,853274","2455,212045"
"11094,21446","5703,523903",28,"21,65419611",Sim,Bairro,Grande,"8368,213781","2953,148903"
"9821,556547","4894,328666",29,"18,39655384",Sim,Centro,Médio,"12538,26496","2579,523704"
"6685,773677","3741,351372",19,"11,93835656",Sim,Centro,Pequeno,"11774,71251","1907,017741"
"10775,07806","6684,435708",34,"16,84723792",Sim,Bairro,Médio,"10144,83089","3131,643455"
"12847,21805","5911,391292",28,"17,19757007",Sim,Centro,Grande,"9819,141826","2545,345765"
"8725,162685","5237,430272",37,"18,98709358",Sim,Bairro,Pequeno,"8949,546161","2721,265232"
"9367,932901","6218,10861",26,"28,11442591",Sim,Bairro,Médio,"9813,577443","2884,382321"
"9403,814339","3661,225713",38,"16,61614735",Não,Centro,Médio,"8596,614662","2051,040082"
"7025,469478","5660,820298",42,"20,38132203",Não,Centro,Pequeno,"8799,201502","2661,253485"
"10904,25029","4477,087624",27,"16,47300829",Sim,Bairro,Grande,"13521,68672","1925,814701"
"11984,5723","5683,745522",32,"13,79886075",Sim,Centro,Pequeno,"11633,39361","2837,05691"
"7866,396005","4939,178045",25,"23,17973949",Sim,Centro,Médio,"15252,70493","2587,481627"
"13453,9784","5632,960713",41,"14,7468566",Sim,Centro,Médio,"11818,464","2982,936365"
"5346,072104",,33,"33,67604595",Sim,Centro,Grande,"9622,168924","3249,381628"
"9334,53754","5007,29009",31,"20,46281469",Não,Centro,Médio,"10729,66587","2533,570536"
"11253,26526","6017,558637",37,"20,30126788",Sim,Centro,Grande,"10473,3461","2976,621632"
"8291,918925","3811,565965",35,"19,66727394",Sim,Centro,Médio,"12540,3285","1829,782832"
"6969,788809","4278,39556",28,"29,2182277",Sim,Zona Rural,Médio,"9329,395749","2488,759465"
"11938,89061","6519,217711",29,"23,31963555",Sim,Zona Rural,Grande,"13961,64059","3220,609623"
"10655,29034","5377,387973",27,"18,74504678",Não,Centro,Grande,"8562,050985","2602,205619"
"4365,971645","2947,77718",25,"14,16905097",Não,Bairro,Médio,"9689,612666","1509,747859"
"11392,11","3635,962548",30,"14,8063612",Não,Centro,Grande,"9748,77198","1622,420678"
"8845,879451","4799,218984",23,"16,07505347",Sim,Centro,Grande,"9561,748719","2256,549566"
"9277,669969","5865,779404",36,"26,07474215",Sim,Bairro,Médio,"13556,01182","3053,594444"
"6420,635533","4898,116744",34,"19,05509212",Sim,Centro,Médio,"8698,621751","2194,453043"
"12675,89193","5624,187472",23,"16,21400689",Não,Centro,Grande,"11143,9747","2592,834418"
"4103,872022","5959,005378",34,"23,96029739",Não,Bairro,Médio,"6696,985276","3135,828875"
"8688,518836","6671,054829",28,"26,7259001",Não,Centro,Grande,"7813,11387","3585,160267"
"9486,926313","5056,016733",29,"16,52734258",Não,Centro,Grande,"11644,11233","2230,307003"
"6105,189574","4948,018094",33,"17,77533728",Não,Centro,Médio,"7955,530814","2606,263802"
"7911,819845","3246,762641",35,"21,72642093",Sim,Centro,Grande,"10054,78005","1741,717845"
"8713,236954","5099,327594",49,"19,97577782",Não,Bairro,Médio,"8227,260405","2543,966613"
"7201,092243","4428,149942",33,"22,03183236",Sim,Centro,Médio,"9254,830561","2165,409942"
"5155,022025","4025,990417",23,"28,57099263",Sim,Bairro,Grande,"7943,131158","1939,203642"
"10464,02419","4820,093769",29,"19,69806723",Sim,Bairro,Grande,"9889,087496","2781,026617"
"10953,23556","6014,943173",37,"18,59648866",Não,Bairro,Médio,"10201,54152","3197,839296"
"9741,197436","3007,251511",29,"22,4270723",Sim,Centro,Médio,"9242,696443","1659,7601"
"5109,77484","4572,720713",26,"19,75327735",Sim,Bairro,Grande,"6055,674433","2280,562975"
"5744,59028","5116,637284",32,"23,13882531",Não,Centro,Médio,"9142,594156","2707,26663"
"4513,973788","4106,79243",33,"18,88014424",Sim,Bairro,Médio,"5869,431706","2200,518955"
"5449,039376","5333,902942",33,"22,21761357",Não,Zona Rural,Médio,"8443,560011","2785,481509"
"13823,44241","5411,429921",19,"12,18129646",Sim,Bairro,Médio,"10820,01346","2533,793835"
"3913,113538","4966,963841",28,"20,06951829",Sim,Bairro,Grande,"8836,631173","2377,245599"
"4535,768426","2534,101806",35,"17,41892006",Sim,Bairro,Grande,"7640,074118","899,6556707"
"11100,63663","7571,458146",21,"14,04728712",Sim,Bairro,Grande,"11517,84017","3522,929532"
"5738,384675","4794,700743",27,"17,93465396",Não,Bairro,Pequeno,"7091,863029","2931,615565"
"7718,360675","5651,193282",40,"21,85997473",Não,Centro,Pequeno,"7999,647229","2867,785982"
"12187,45145","5273,766491",31,"20,46171482",Sim,Bairro,Grande,"10683,60253","2573,690104"
"9156,05635","6024,673235",17,"23,46741881",Sim,Bairro,Médio,"6257,62367","3074,674306"
"7345,233817","5817,659446",23,"24,70449622",Sim,Centro,Médio,"11180,45247","2580,724437"
"8733,881983","4790,206829",29,"24,14232015",Não,Centro,Médio,"10575,81688","2209,150617"
"5768,608731","5378,167772",28,"18,37755412",Não,Centro,Médio,"11487,01786","3127,70899"
"12366,80488","4054,591169",32,"13,35921901",Sim,Centro,Grande,"12009,05092","2055,9436"
"6557,469142","5856,923011",36,"18,59832515",Sim,Centro,Pequeno,"7397,627154","2956,939113"
"9150,651902","4538,961661",30,"25,84827718",Sim,Bairro,Grande,"9712,581245","2508,058926"
"7169,252553","7416,773354",22,"19,39261818",Não,Centro,Grande,"6270,896222","3374,593376"
"8881,30586","3348,951104",27,"11,81354174",Não,Centro,Médio,"12250,8592","1850,329615"
"10806,98148","4536,012757",38,"22,45691611",Sim,Centro,Grande,"13057,64416","2338,350152"
"9068,707896","5825,379863",28,"21,40909655",Não,Centro,Grande,"12688,39962","2643,889799"
"10290,658","5510,132547",35,"17,99698322",Sim,Bairro,Pequeno,"9943,905469","2558,867643"
"15219,44711",,23,"20,86680751",Sim,Bairro,Médio,"9652,865918","1949,881955"
"7891,227539","4003,219258",28,"26,84693835",Sim,Centro,Grande,"9478,001856","1897,396961"
"9052,777588","5144,475705",30,"26,49598047",Sim,Bairro,Grande,"11997,01715","2707,849974"
"7246,164055","4985,692587",33,"17,71851553",Sim,Centro,Pequeno,"8763,035135","2517,732676"
"5798,982858","3209,718763",23,"20,05332431",Sim,Centro,Médio,"8290,293737","1246,10128"
"9737,788291","5034,551067",25,"12,72955428",Sim,Bairro,Médio,"10859,36266","2831,124851"
"6476,714711","5190,230316",31,"16,36123337",Não,Centro,Médio,"8285,417196","2516,26974"
"11749,74347","5174,726397",32,"30,04120199",Sim,Centro,Grande,"9662,605958","2478,207191"
"9130,973674","3944,982957",29,"27,49004843",Sim,Bairro,Médio,"11396,25648","1896,553311"
"12568,63979","5476,133278",35,"18,85372637",Não,Centro,Médio,"13651,08026","3044,12546"
"12578,01624","6378,570137",33,"16,53767427",Não,Bairro,Grande,"8093,72059","3207,41777"
"7744,882478","5456,236403",29,"13,16688351",Sim,Centro,Grande,"8203,595893","2398,909408"
"4066,770487","3864,41153",35,"30,63025927",Não,Zona Rural,Pequeno,"8775,29902","1968,113681"
"10309,59465","4564,35453",31,"20,57314862",Sim,Bairro,Pequeno,"13860,30074","2830,580466"
"8870,420096","5346,10362",33,"17,03025545",Sim,Centro,Médio,"11207,29474","2928,597798"
"9842,205668","4352,954369",26,"25,39033669",Sim,Zona Rural,Grande,"10826,7595","2086,674224"
"6625,502947","2842,353665",26,"14,50207084",Sim,Zona Rural,Médio,"8322,207772","1285,218485"
"9258,727539","5884,25082",34,"23,63282099",Sim,Centro,Médio,"7309,264051","3006,226157"
"5209,370181","4170,522388",29,"27,20435151",Não,Centro,Grande,"11113,40273","2074,866373"
"11698,9436","4426,439729",28,"18,9491492",Sim,Bairro,Médio,"13876,84694","2179,774768"
"5115,756207","6503,900609",34,"27,25640472",Não,Centro,Médio,"8796,994209","2856,351538"
"6623,393597","4225,85507",21,"23,20775716",Sim,Centro,Médio,"8805,349128","2269,851787"
"12516,3024","5845,73154",34,"16,60596191",Não,Centro,Grande,"12351,76329","2949,845169"
"8573,756588","3739,317121",38,"22,87156368",Não,Bairro,Grande,"13715,24273","1993,528675"
"9542,034989","4645,457597",28,"16,47742737",Sim,Bairro,Médio,"5522,364054","2274,836908"
"8641,758165","4926,443981",22,"17,33007971",Não,Centro,Médio,"10014,94016","2534,101782"
"4393,073038","3831,348576",33,"23,87192303",Sim,Bairro,Médio,"10079,59449","1986,258882"
"12631,23757","4365,251735",27,"17,62189302",Não,Bairro,Grande,"11236,26762","2152,101539"
"10351,75479","4971,158447",39,"19,87786311",Sim,Centro,Médio,"11104,01432","2498,932416"
"7721,423022","5670,695969",32,"25,09504048",Sim,Centro,Médio,"9267,688099","3061,578597"
"12169,39977","3349,453457",31,"13,97209802",Sim,Bairro,Grande,"13347,46969","1584,965372"
"4677,550587",,37,"27,97646934",Não,Zona Rural,Grande,"7055,091253","2705,210355"
"8310,901977","5756,406439",20,"30,2097773",Sim,Centro,Grande,"9792,478296","3083,764906"
"10067,78438","4461,19084",46,"23,07240625",Sim,Bairro,Grande,"9586,09693","2153,01935"
"1081,863954","5227,291922",32,"22,10965587",Não,Bairro,Grande,"5835,415207","2950,040375"
"11480,0895","5492,22857",22,"17,51789166",Sim,Centro,Médio,"17090,92122","2982,309623"
"9097,900354","5267,835015",33,"22,45480706",Sim,Centro,Grande,"12287,10719","2989,261734"
"11030,71418","5653,257679",34,"17,49008915",Não,Bairro,Pequeno,"12065,84856","2720,183264"
"11858,73395","4877,291339",37,"21,44084909",Sim,Bairro,Grande,"10140,84345","2551,932425"
"9992,525272","4586,323486",27,"16,56686996",Não,Zona Rural,Grande,"11102,222","2278,665724"
"4068,942725","2356,851048",29,"23,94201893",Sim,Centro,Médio,"8509,870447","1072,976512"
"6563,460871","4907,058982",27,"23,4568442",Sim,Zona Rural,Médio,"7411,258862","2645,975574"
"8901,526169","5430,284696",34,"26,21499504",Sim,Centro,Grande,"12647,66902","2551,882226"
"7335,846334","5535,398841",32,"29,91104856",Não,Zona Rural,Grande,"11388,97017","2881,118877"
"4554,621249","4444,721649",25,"16,76779083",Sim,Centro,Grande,"10281,89683","1984,890049"
"8769,183057","6779,50291",26,"24,83094646",Não,Centro,Médio,"10231,52166","3307,724893"
"10466,44709","5286,42442",33,"12,86366276",Sim,Centro,Médio,"9421,927462","2919,388661"
"11324,35502","5126,315858",32,"17,71258121",Não,Bairro,Grande,"11539,66981","2187,435522"
"7219,206965","6272,266779",28,"24,72733342",Sim,Centro,Médio,"10272,70154","3082,186246"
"7549,532843","4281,533779",29,"16,30805425",Sim,Zona Rural,Médio,"9475,456125","1898,150638"
"11293,40682","4549,661376",33,"21,7282035",Sim,Centro,Médio,"11162,49012","2206,662274"
"11979,84695","7397,45248",30,"15,49777653",Sim,Bairro,Pequeno,"9116,801257","3538,21437"
"10695,78456","5011,129187",25,"18,14824648",Sim,Centro,Grande,"10463,46301","2626,081428"
"10273,80152","6633,568421",35,"19,79601537",Sim,Centro,Médio,"11366,58274","3330,935752"
"7802,756284","3561,493355",21,"16,93840617",Sim,Centro,Médio,"10389,88055","1574,146992"
"5573,50869","4809,483198",29,"10,27073955",Sim,Bairro,Médio,"6870,606318","2586,226943"
"9344,369396","5378,423904",41,"21,21548165",Sim,Centro,Pequeno,"9858,665411","2605,959801"
"9478,318191","5300,038545",25,"22,37450048",Sim,Bairro,Médio,"9968,432552","2430,716644"
"7824,505006","3994,36374",19,"20,68357287",Sim,Bairro,Grande,"9128,692635","2027,047668"
"9582,395822","5019,259275",22,"17,55626137",Sim,Centro,Médio,"10637,15435","2258,851967"
"4089,810779","3922,579347",33,"24,50101829",Não,Zona Rural,Grande,"11419,36526","1908,408383"
"10347,03318","5712,703325",32,"25,3876783",Sim,Bairro,Pequeno,"12184,70353","2816,343066"
"11141,41011","6084,77509",36,"8,13164572",Sim,Bairro,Grande,"9373,467671","2754,834343"
"4124,716055","2775,012304",25,"25,62287419",Sim,Centro,Grande,"9291,610525","1461,971429"
"9668,006762","6235,693462",28,"11,10226126",Sim,Centro,Grande,"8020,007723","3124,146009"
"9419,791613","3758,955503",22,"18,27724819",Não,Bairro,Grande,"11906,61787","1884,933569"
"8366,463152","5454,769269",42,"14,45413443",Sim,Centro,Médio,"10567,87899","3007,68221"
"9624,932335","5659,902638",35,"16,84947109",Sim,Bairro,Grande,"8321,504938","3039,338443"
"7426,505078","4800,110172",34,"26,58441884",Não,Centro,Grande,"11666,87209","2056,61438"
"5855,744127","4354,886043",23,"22,67256694",Sim,Bairro,Grande,"8475,546205","1808,094377"
"13965,86537","5165,321021",38,"22,46949043",Não,Bairro,Grande,"10996,94141","2235,926356"
"12827,32926","5438,818701",27,"9,610037843",Sim,Bairro,Pequeno,"12977,12992","2694,361459"
"6077,639026","5883,30282",31,"20,98162671",Sim,Centro,Médio,"9792,826669","2968,805633"
"8477,430802","2947,663016",34,"23,14401577",Sim,Centro,Grande,"11789,45234","1294,212882"
"7790,345303","3363,620732",35,"24,30473572",Não,Centro,Grande,"8958,809308","1452,492457"
"11664,08436","6430,402341",35,"15,13376325",Sim,Bairro,Grande,"11799,3362","3193,063687"
"11131,55885","6046,628847",29,"24,68771526",Não,Centro,Médio,"10478,22561","3039,061039"
"13652,5577","5435,288949",25,"13,02397111",Sim,Zona Rural,Médio,"8274,935069","2191,602865"
"6936,046052","5715,178407",31,"28,69371509",Sim,Bairro,Médio,"9597,031454","3048,090047"
"12438,30751","5917,174918",32,"16,00682855",Sim,Centro,Médio,"12281,12665","3324,054549"
"7724,205247","2339,077202",29,"23,82512193",Sim,Centro,Médio,"8456,751933","1239,038176"
"10743,59514","6110,277097",35,"21,58955673",Sim,Bairro,Médio,"9554,551561","2521,512928"
"8922,63542","4515,012403",32,"14,68199741",Não,Bairro,Médio,"8461,132464","2220,493273"
"12488,45041","5230,616831",38,"25,72129328",Sim,Centro,Grande,"10749,9929","2492,797578"
"8818,590169","4704,842199",28,"20,16688421",Não,Bairro,Pequeno,"10955,65871","2144,698774"
"3912,074089","5871,964954",21,"24,09203887",Não,Centro,Pequeno,"10124,34827","3200,806052"
"9936,194987","4651,527551",35,"21,09096043",Não,Bairro,Grande,"9277,125277","2021,7798"
"4790,544436","5518,503766",39,"24,34248626",Sim,Centro,Médio,"6206,627398","2639,104116"
"7319,224658","4609,315021",39,"20,1084026",Sim,Bairro,Médio,"9523,094796","2431,463346"
"9094,13109","3907,212791",28,"25,57614325",Sim,Bairro,Grande,"12300,98209","1564,849369"
"4453,910397","6210,01051",25,"18,23909568",Sim,Centro,Pequeno,"8544,843318","3058,21123"
"11411,1143","5740,900011",29,"22,63644159",Sim,Bairro,Grande,"13884,34985","2821,451551"
"12125,71571","6724,262239",28,"21,89285761",Sim,Bairro,Pequeno,"11260,96502","3176,455197"
"7984,23319","5065,153933",30,"24,21929889",Sim,Bairro,Grande,,"2478,671788"
"8246,12017","6125,002746",28,"16,89478753",Sim,Bairro,Médio,"13064,37463","3192,898701"
"10679,20888","6975,419054",26,"20,88845749",Sim,Bairro,Médio,"12586,7895","3435,532722"
"7461,553637","4718,517885",31,"17,0991746",Sim,Centro,Médio,"9405,006215","2329,247628"
"8702,039834","3677,048887",34,"24,54318913",Sim,Centro,Médio,"11231,7544","1881,915959"
"9097,733802","4760,648433",24,"16,8165681",Sim,Centro,Grande,"12285,15783","2592,050013"
"5027,512468","4785,95876",22,"28,66119348",Sim,Centro,Médio,"8267,732383","2423,175781"
"10673,45647","5151,680505",33,"23,95185801",Sim,Bairro,Grande,"10630,20491","2326,509674"
"11991,60764","6712,304977",42,"19,93146011",Sim,Zona Rural,Grande,"9880,939196","3780,191153"
"8417,758894","4673,856107",24,"26,03098238",Não,Bairro,Pequeno,"8181,047542","2409,226647"
"12486,37461","5373,004656",29,"19,5770453",Não,Centro,Pequeno,"13953,87912","2845,833329"
"6961,095483","4772,315935",28,"22,81631141",Sim,Centro,Médio,"10215,89761","2423,171728"
"9628,347114","5020,450709",32,"22,640972",Não,Bairro,Médio,"9214,14195","2611,510351"
"7725,281322","5314,057664",35,"22,11519216",Não,Zona Rural,Grande,"11403,67976","2491,590663"
"12227,831","6328,214696",28,"17,01617885",Não,Zona Rural,Grande,"12487,53681","2920,293297"
"6891,54746","5121,318377",30,"13,74577861",Sim,Centro,Grande,"11643,22083","2807,270222"
"12713,02217","5712,84232",31,"11,59199645",Não,Centro,Grande,"12273,61056","2754,892113"
"4589,272662","5778,86003",33,"17,7185182",Sim,Centro,Médio,"4071,607371","2902,726546"
"9977,489757","5914,773271",36,"23,41396596",Sim,Zona Rural,Grande,"10208,76699","3150,661702"
"8953,659108","4425,605448",31,"18,80481258",Sim,Bairro,Médio,"9536,517491","2047,678924"
"7474,720714","6626,881214",29,"13,98324533",Sim,Centro,Grande,"8530,36116","3438,502969"
"10592,60114","4619,043261",37,"30,78238801",Sim,Centro,Médio,"11923,64773","2199,384751"
"10974,36752","4894,215832",30,"23,51004712",Sim,Centro,Grande,"9117,328267","2332,584078"
"9932,789639","6404,050268",38,"29,7330905",Sim,Centro,Grande,"8469,334912","3075,724046"
"6427,624508","6294,083906",29,"26,06518177",Sim,Bairro,Médio,"10128,31234","3402,847991"
"6109,810976","3910,008128",33,"16,94310441",Sim,Centro,Grande,"10255,87739","2218,303734"
"6754,566901","4126,929",21,"17,94039398",Não,Bairro,Grande,"13318,23484","2339,747729"
"6397,029217","3641,920941",25,"12,79659511",Sim,Centro,Médio,"8386,085965","1937,793752"
"10205,74738","5181,847193",25,"23,70236727",Não,Bairro,Grande,"12513,40586","2150,502547"
"9803,508046","5164,840868",30,"28,11829626",Sim,Centro,Grande,"10679,81137","2698,471761"
"9290,05588","5364,114687",23,"15,39757561",Não,Bairro,Médio,"8427,298988","3069,10629"
"8952,770759","5552,157714",22,"13,98901177",Sim,Bairro,Médio,"11311,30571","2810,6738"
"10347,07284","4398,107154",32,"24,41339034",Sim,Bairro,Médio,"9685,939779","1816,077266"
"9835,459236","4006,301409",41,"12,41760482",Sim,Bairro,Grande,"11345,97374","2237,547413"
"7122,569358","6026,785056",38,"29,60805779",Sim,Bairro,Médio,"12486,82969","3100,742442"
"12713,15569","5751,061303",30,,Sim,Centro,Grande,"12129,35897","2762,252908"
"11442,74327","3490,833463",27,"11,42552473",Sim,Centro,Grande,"11928,14956","1479,708843"
"7716,271694","4904,852549",30,"21,77459448",Sim,Centro,Médio,"7853,605025","2394,218622"
"8236,924395","4104,052177",32,"20,52590933",Sim,Bairro,Grande,"6838,538851","2152,238785"
"11894,01067","2929,248929",27,"7,657932334",Sim,Centro,Médio,"10999,89374","1183,83145"
"7093,700446","5150,120131",32,"19,79070985",Sim,Bairro,Médio,"7459,227458","2529,737781"
"10870,12545","4920,788291",25,"17,06369616",Não,Centro,Grande,"9447,75382","2580,367347"
"9335,156836","4902,630732",28,"15,56351504",Não,Centro,Grande,"11508,51544","2271,324016"
"13132,08273","5216,152542",30,"21,1935841",Sim,Centro,Médio,"13414,28447","2760,796854"
"9931,664041","5882,465164",37,"24,25445151",Não,Centro,Grande,"10944,21316","2991,956214"
"6592,609671","5205,597504",26,"28,63504417",Não,Bairro,Pequeno,"9580,233707","2683,456761"
"11516,07381","4383,564157",23,"6,83746177",Sim,Bairro,Médio,"12096,13088","2221,110271"
"6900,2186","4265,200748",21,"23,71805664",Não,Centro,Pequeno,"6994,161273","1786,51813"
"12222,51356","4868,197207",35,"15,23824444",Sim,Centro,Grande,"8901,883417","2753,966872"
"8233,30941","5310,016987",26,"25,78165083",Sim,Bairro,Médio,"8157,78388","2643,781851"
"10304,66286","3960,319647",29,"21,72930837",Sim,Bairro,Grande,"10232,50787","2396,329795"
"8651,339563","4815,691131",27,"27,22478586",Sim,Centro,Médio,"8935,05449","2322,84673"
"7866,978092","5967,26726",28,"12,58619347",Não,Centro,Médio,"7953,793564","2946,746028"
"10357,65184","4891,719909",25,"22,47315649",Sim,Centro,Grande,"8126,995809","2681,301533"
"6294,911196","4301,579332",32,"21,47579669",Sim,Zona Rural,Grande,"9086,758578","2473,696224"
"10562,52745","4724,054832",25,"25,23931123",Sim,Bairro,Grande,"9656,899628","2226,207314"
"9089,009338","6114,648545",20,"18,84415746",Sim,Centro,Grande,"11624,25648","2984,386021"
"10675,35396","5550,043961",27,"25,72008423",Não,Centro,Grande,"9405,482519","2692,565448"
"10415,57772","6236,6758",22,"17,77519562",Não,Centro,Grande,"11562,4071","3275,694144"
"9647,09748","5139,097857",18,"17,85381298",Não,Centro,Médio,"13018,41173","2682,038951"
"13509,43583","5410,275096",27,"20,12689651",Sim,Zona Rural,Grande,"9716,24089","2601,335926"
"8272,261068","4441,543088",23,"14,65373914",Não,Centro,Grande,"11190,82108","2019,103307"
"12566,18381","5605,370669",33,"17,7171418",Sim,Centro,Grande,"10231,66084","2832,531579"
"7839,123301","4493,666458",32,"25,55001914",Sim,Bairro,Grande,"10941,95488","2234,375128"
"8849,155121","3579,434495",37,"28,25914352",Sim,Centro,Grande,"11918,97332","1977,341368"
"10447,62341","5127,992966",33,"25,5712734",Sim,Centro,Pequeno,"14404,18545","2282,451216"
"14260,75423","6945,851218",30,"17,87567412",Não,Bairro,Grande,"9103,26842","3579,042828"
"13163,54138","5800,91434",25,"21,59239943",Sim,Centro,Grande,"12110,32835","3097,632568"
"9413,630002","6165,25339",33,"20,49244824",Sim,Centro,Grande,"7635,56043","3171,070287"
"9858,610527","5358,855723",27,"13,70486264",Sim,Bairro,Médio,"9831,115021","2484,040049"
"7100,811488","4391,442822",31,"21,28704106",Não,Centro,Médio,"7584,11658","1939,670945"
"7402,875839","4797,759145",31,"15,87853336",Sim,Centro,Médio,"12569,78567","2605,382173"
"5183,508138","4726,751893",20,"14,69687891",Sim,Bairro,Grande,"9089,807834","2772,964885"
"8484,25865","4531,30022",35,"23,62752731",Sim,Bairro,Grande,"9112,843537","2025,197773"
"9231,699118","5704,167284",39,"16,46034056",Sim,Centro,Médio,"9262,84555","2931,2603"
"7758,327928","3802,636498",35,"19,27975625",Não,Bairro,Médio,"12302,43437","1694,562909"
"6340,798785","5866,366132",36,"15,13142212",Sim,Centro,Pequeno,"5963,092927","2758,455486"
"10600,38411","5864,152486",34,"20,27972213",Não,Centro,Grande,"11550,58311","3087,329061"
"10264,51235","3801,377641",32,"22,46173277",Não,Bairro,Médio,"8212,933479","1694,442537"
"8048,557424","5639,491998",26,"22,51272627",Sim,Centro,Médio,"9564,380296","2608,595949"
"12986,73378","7430,226652",30,"14,62371011",Sim,Centro,Médio,"9600,443832","3913,399033"
"7976,323354","4442,784518",27,"26,29021125",Não,Zona Rural,Médio,"12259,47875","2125,508995"
"9030,094614","5844,904241",34,"27,46485857",Sim,Centro,Pequeno,"9458,659825","2872,965951"
"13304,40807","4217,798154",35,"21,86455213",Sim,Centro,Pequeno,"11854,17872","2105,933998"
"10057,44306","6110,711418",30,"20,78739774",Sim,Bairro,Médio,"9697,203266","2927,950928"
"8091,69363","5249,82472",27,"20,38671452",Sim,Centro,Grande,"9901,875424","2748,40562"
"7040,581352","6651,915392",37,"21,28772973",Sim,Bairro,Grande,"8870,272399","3316,690112"
"6686,946571","3541,029271",35,"21,88211794",Não,Centro,Pequeno,"10982,03703","1765,465435"
"12182,8366","4948,702114",31,"20,68411809",Sim,Bairro,Grande,"11683,86869","2638,736684"
"7818,693259","4473,074824",33,"23,26911585",Não,Centro,Grande,"10197,34554","2266,60614"
"10561,78937","4802,735131",43,"18,32115729",Sim,Bairro,Pequeno,"9580,976386","2489,531495"
"5431,319355","4370,421257",18,"25,64672464",Não,Bairro,Pequeno,"8090,228451","1903,134006"
"3255,472119","4166,156419",32,"19,81158594",Não,Centro,Médio,"6208,478718","2068,993003"
"7229,704342","5578,722375",39,"11,22152992",Sim,Centro,Grande,"9304,263387","2725,053676"
"4508,228026","3912,419286",26,"19,50139815",Sim,Zona Rural,Médio,"7643,44591","2041,985774"
"10314,28037","6484,030932",27,"22,23510226",Não,Bairro,Médio,"12272,91469","3271,482855"
"4255,562546","3813,793415",26,"26,15015836",Não,Centro,Pequeno,"7439,627773","1924,729141"
"7721,53405","5101,079151",25,"20,30105216",Não,Bairro,Pequeno,"12461,53801","2528,774722"
"11565,42873","5532,989287",29,"10,29965399",Sim,Centro,Médio,"12008,14797","2419,498055"
"5435,237648","5586,735339",24,"20,02415883",Não,Bairro,Pequeno,"8743,220987","2947,144979"
"10014,882","4698,253336",38,"14,00394039",Sim,Bairro,Médio,"6994,146275","2285,318511"
"7914,968778","5079,501995",37,"15,11947148",Sim,Bairro,Médio,"8824,215315","2483,161198"
"11951,13156","5961,264152",36,"14,87186474",Sim,Centro,Grande,"12125,35743","2810,645511"
"6585,394258","3543,534083",26,"16,00386538",Sim,Centro,Grande,"9574,614966","1829,472224"
"7777,799512","4218,260288",22,"25,68564545",Sim,Bairro,Grande,"7868,449129","2383,209861"
"9017,79913","5320,402314",35,"15,8423555",Sim,Centro,Pequeno,"7573,676762","2632,077973"
"8347,470872","4555,218022",28,"17,80468613",Não,Bairro,Pequeno,"12532,58645","2349,714041"
"6881,074294","6370,003994",18,"20,92086731",Sim,Bairro,Grande,"11351,38779","2897,601881"
"10143,42307","5673,253863",30,"24,45189813",Não,Centro,Grande,"10693,73592","2651,196703"
"11474,63678","5072,166752",30,"16,66647495",Sim,Bairro,Grande,"11178,28018","2429,013435"
"10644,35916","3492,242682",31,"15,86888068",Sim,Centro,Médio,"13494,46572","1931,765446"
"10818,43862","5026,100225",30,"17,40692139",Sim,Bairro,Pequeno,"9829,751799","2540,028732"
"7815,542592","4683,584132",34,"14,1414065",Não,Centro,Médio,"10903,48909","2336,408217"
"8257,852135","4897,653486",35,"24,60016675",Sim,Bairro,Grande,"10776,61291","2356,509877"
"6303,256446","3818,440773",26,"9,09020933",Sim,Bairro,Pequeno,"10070,84937","1607,749855"
"9933,791107","5498,658044",19,"17,36153961",Não,Bairro,Médio,"9510,648188","2832,071143"
"7318,332421","3961,04356",29,"12,79429989",Sim,Bairro,Médio,"9556,73315","2182,993612"
"8183,46774","4773,778019",25,"10,21607608",Não,Centro,Grande,"9840,764438","2331,505461"
"9072,051658","5381,425829",20,"20,14329099",Sim,Zona Rural,Grande,"9503,946362","2589,994392"
"7087,730399","4216,484211",30,"27,69117831",Sim,Centro,Grande,"8296,886726","1966,027432"
"8246,219696","5582,991406",23,"28,17320177",Sim,Centro,Grande,"11069,4538","2611,227741"
"12562,48149","3683,489598",35,"17,18611896",Sim,Bairro,Médio,"10923,59648","1981,980188"
"4250,12274","2190,225321",32,"16,51522146",Não,Bairro,Médio,"8707,621879","1554,911141"
"11786,91446","5464,967991",38,"17,30886848",Sim,Centro,Médio,"8869,334996","2397,364308"
"9733,511587","5840,539827",27,"23,55055116",Não,Bairro,Pequeno,"10717,57704","3143,256317"
"14046,89632","4714,154576",28,"7,191515185",Sim,Zona Rural,Médio,"11353,44574","2333,765596"
"10599,34876","5504,126255",34,"21,23850237",Sim,Bairro,Médio,"12236,02956","2688,346492"
"9177,182454","3844,083475",34,"17,97229809",Sim,Centro,Médio,"11792,31541","1947,446383"
"10361,25034","4872,851393",28,"16,28030752",Sim,Bairro,Grande,"13694,55554","2414,490708"
"5054,237928","3058,481624",21,"9,969399843",Sim,Bairro,Grande,"7603,834907","1519,2261"
"8367,191224",,27,"18,97086791",Sim,Bairro,Grande,"10801,12602","3573,078861"
"11948,97325","6859,910862",32,"11,75471614",Sim,Centro,Médio,"14244,38818","3492,649707"
"9990,234199","6074,01226",30,"19,92346063",Sim,Bairro,Pequeno,"13688,72722","3242,90164"
"9183,309036","4972,653034",28,"15,52549161",Não,Centro,Médio,"9007,078122","2311,706744"
"9270,171717","4966,669658",35,"20,23159862",Sim,Bairro,Grande,"10485,29159","2294,419782"
"646,8383856","3483,932377",29,"22,3050204",Não,Centro,Médio,"10729,39103","1656,108812"
"8337,328857","5790,385344",29,"17,48130616",Não,Centro,Pequeno,"10067,73472","3254,305046"
"8575,981904","4789,265819",32,"14,88800772",Sim,Bairro,Médio,"8157,000448","2485,901965"
"7699,714442","4343,257075",32,"16,94128885",Não,Centro,Médio,"9154,545529","2282,21609"
"10621,91803","3587,974207",39,"16,66303248",Não,Centro,Grande,"12333,62087","1706,867229"
"10485,61599","4700,237503",37,"12,53362085",Não,Bairro,Médio,"14083,0021","2324,575375"
"10619,58834","4150,938865",35,"16,09690893",Não,Bairro,Médio,"10590,58067","2113,202343"
"6456,762439","4602,96948",31,"19,03297433",Não,Bairro,Pequeno,"7512,907361","1991,19746"
"3589,202003","3782,400012",26,"18,89583345",Sim,Bairro,Médio,"3846,267931","2073,04633"
"11394,22991","6687,589483",23,"21,6477087",Não,Centro,Médio,"10198,09814","3071,823006"
"9332,895186","4983,997473",25,"26,45937862",Não,Centro,Médio,"9163,863897","2688,298872"
"7793,785178","6074,945077",32,"21,66835516",Sim,Bairro,Médio,"8351,733295","3074,849329"
"4844,286686","2398,30033",27,"27,37893487",Não,Bairro,Grande,"6617,241883","779,0260023"
"9526,542722","4546,80217",37,"16,76037018",Sim,Bairro,Grande,"12600,64437","2537,313712"
"7143,842448","4324,517708",31,"26,75334205",Sim,Zona Rural,Pequeno,"8890,439325","2139,110786"
"10769,17177","3777,073821",30,"22,96704454",Sim,Bairro,Grande,"8143,157873","2027,97272"
"12778,21251","6546,609154",25,"14,04145557",Sim,Bairro,Médio,"11861,04894","3451,746217"
"8192,523462","3584,71808",13,"22,01085506",Sim,Centro,Pequeno,"11475,27167","2096,633441"
"11197,22004","5318,39026",29,"13,8115358",Não,Bairro,Grande,"10685,34762","2810,682904"
"7845,395493","5846,436286",26,"24,73615338",Sim,Bairro,Pequeno,"9564,222907","2950,676969"
"5226,671391","5178,190188",29,"17,30126927",Não,Centro,Pequeno,"9490,136628","2355,713842"
"10044,02231","4124,744523",37,"18,81944906",Sim,Centro,Pequeno,"10684,74094","2237,952832"
"9880,671381","5941,165807",35,"16,60231756",Sim,Bairro,Médio,"9169,581708","3014,508009"
"8633,272385","5170,588082",36,"15,73910854",Sim,Centro,Grande,"8923,658337","2801,983651"
"11452,27158","3936,502094",24,"28,51069855",Não,Bairro,Grande,"12942,70352","1904,862283"
"8664,620617","3611,950952",30,"24,95902261",Sim,Centro,Grande,"7866,935325","1776,125651"
"11969,45469","7086,717434",24,"23,37606539",Sim,Centro,Grande,"7995,321093","3460,645844"
"9519,207948","4321,496855",30,"20,3680998",Sim,Bairro,Grande,"7912,87731","2090,081106"
"5426,47065","3144,428346",27,"23,68166907",Não,Bairro,Grande,"8834,221418","1357,24673"
"8203,398651","5533,259363",31,"23,30856388",Sim,Centro,Pequeno,,"2722,383155"
"4450,176738","5310,230256",26,"28,01760299",Não,Zona Rural,Grande,"9396,445784","2552,967688"
"6748,606114","3646,165664",30,"24,25019889",Sim,Centro,Grande,"8648,780549","2137,496418"
"4275,794101","3057,043586",31,"18,96905497",Não,Centro,Grande,"9321,85237","1278,630359"
"10315,29236","4883,697483",31,"18,92553528",Sim,Centro,Grande,"10887,939","2412,24373"
"9246,066999","6139,396292",27,"17,65963718",Sim,Bairro,Pequeno,"8898,261719","3070,093933"
"8937,733572","5636,124035",28,"18,1813072",Não,Centro,Médio,"12221,34498","2757,313956"
"8699,972485","4507,062576",26,"18,8165803",Sim,Centro,Grande,"8982,489715","2079,551557"
"4340,712411","4165,811768",22,"26,11440375",Sim,Centro,Grande,"9366,75382","2104,583156"
"11118,76033","5271,066757",28,"8,358201837",Sim,Bairro,Médio,"10652,76869","2617,162495"
"11813,81099","5157,353347",30,,Sim,Centro,Médio,"8315,869519","2604,110478"
"9741,360475","5629,711747",24,"19,3355964",Não,Centro,Grande,"8428,462369","2998,570777"
"12866,44402","4604,20205",21,"13,58370798",Não,Centro,Grande,"10931,04741","2533,834161"
"6806,277714","5899,354053",37,"28,09550305",Sim,Bairro,Médio,"6498,527869","3076,579636"
"6234,036908","4169,188473",29,"18,83025849",Sim,Centro,Médio,"7358,175428","2188,127378"
"11811,63048","4669,4553",24,"14,41540934",Sim,Centro,Pequeno,"11873,9511","2313,477462"
"11997,18254","5740,814524",34,"15,54193107",Sim,Centro,Grande,"10244,19318","2744,997463"
"9675,263212","5989,971609",28,"24,36197581",Sim,Bairro,Pequeno,"8750,272946","3059,685067"
"7287,695662","3061,495299",28,"29,3450467",Sim,Bairro,Grande,"10676,70679","1354,916485"
"11070,18883","5107,190407",31,"19,37865748",Sim,Zona Rural,Grande,"12741,1466","2495,429509"
"9995,798048","5608,779012",29,"20,53514404",Sim,Centro,Pequeno,"11597,44377","3033,499567"
"8300,037184","3549,175687",26,"15,2573247",Sim,Centro,Médio,"10537,24366","1765,524146"
"9978,817131","5480,6256",26,"26,58322355",Não,Centro,Médio,"10685,5093","2628,063537"
"7276,910659","4171,82573",34,"23,61328463",Sim,Centro,Médio,"9873,672924","1965,435389"
"7453,805834","6020,253012",24,"8,353732686",Sim,Centro,Médio,"8036,227672","3125,408305"
"13175,23582","5538,482032",35,"16,77383727",Sim,Zona Rural,Médio,"11354,85733","2977,954037"
"7954,108183","5769,052295",34,"18,82941253",Sim,Bairro,Médio,"9744,086208","2980,160013"
"8435,521379","5120,719329",31,"14,45919663",Sim,Zona Rural,Médio,"7189,111902","2760,740722"
"5147,976336","5863,648434",21,"18,63387912",Não,Bairro,Grande,"8798,618605","3058,559417"
"9700,891409","6380,514528",34,"14,33279423",Sim,Zona Rural,Grande,"9230,043884","3166,738552"
"15371,63127","6966,248015",29,"21,79653977",Sim,Centro,Pequeno,"11435,30698","3465,140103"
"10402,74229","4971,604945",23,"21,67822382",Sim,Centro,Grande,"12254,2272","2394,910776"
"7691,372632","2750,94891",35,"24,05492177",Não,Bairro,Grande,"7846,399059","1678,172931"
"9797,823447","5031,526005",21,"22,08228068",Sim,Centro,Pequeno,"11198,06814","2296,777916"
"4959,085488","5205,561208",31,"27,97057019",Não,Bairro,Pequeno,"10486,61985","2716,029451"
"10398,43081","4844,654653",26,"18,06931061",Sim,Bairro,Grande,"8638,291442","2495,655958"
"6995,311612","5568,288621",25,"9,233483163",Não,Centro,Médio,"8544,592527","2713,553942"
"9074,278356","6010,677965",20,"20,12829607",Sim,Bairro,Médio,"7558,260571","3145,129627"
"6500,408928","4482,01757",29,"23,24924423",Sim,Centro,Médio,"11760,93355","2191,47334"
"8979,682759","4705,904673",33,"17,993822",Sim,Zona Rural,Pequeno,"10947,31111","2476,175327"
"9397,253951","5397,842209",35,"27,00438239",Sim,Centro,Grande,"7924,07154","2724,760312"
"7030,300108","4449,776259",35,"25,47384339",Sim,Bairro,Médio,"9281,696769","2223,028649"
"8062,816852","5091,267383",32,"22,68746649",Sim,Centro,Grande,"7931,529468","2615,857105"
"8240,885442","3038,292401",28,"20,34887379",Sim,Bairro,Médio,"10213,27853","1691,914923"
"10968,86847","3880,100279",25,"17,24249683",Sim,Bairro,Médio,"13217,51088","1958,00586"
"10741,85563","3672,244524",25,"19,11528316",Sim,Zona Rural,Médio,"9927,008506","1669,544424"
"14349,85488","4146,376303",30,"22,34588924",Não,Bairro,Médio,"11879,09089","1866,878594"
"10543,61551","4306,695472",40,"24,83898394",Não,Bairro,Grande,"13752,15509","1990,134833"
"15003,44961","5382,305143",34,"18,51942672",Sim,Centro,Grande,"14568,56927","2829,534319"
"10003,23651","5982,113003",33,"16,35873371",Sim,Bairro,Médio,"7376,532864","3070,011534"
"7459,678778","4272,616471",29,"32,37802931",Sim,Centro,Grande,"8850,958243","1938,916553"
"8142,523946","4003,161018",34,"22,59278585",Sim,Bairro,Pequeno,"10851,04711","1913,153949"
"7203,367151","3958,311141",35,"15,48198397",Sim,Centro,Médio,"11016,90915","1959,621351"
"9906,463962","4585,411274",18,"24,65489528",Sim,Centro,Grande,"9967,136051","2551,306609"
"11631,84006","4760,970932",31,"20,30843249",Sim,Centro,Médio,"12610,81519","2755,524574"
"6153,973828","5483,617534",27,"24,13394624",Não,Centro,Pequeno,"8773,957202","3051,160015"
"7221,033274","4678,675158",40,"20,25898476",Sim,Centro,Grande,"9820,073914","2416,681058"
"8656,374212","2921,510731",40,"19,70785474",Não,Centro,Grande,"11258,48226","1742,745582"
"11842,44465","4908,565724",33,"20,4530581",Sim,Centro,Pequeno,"11773,85041","2303,978188"
"14010,75625","6187,186811",32,"22,06390399",Não,Centro,Pequeno,"13573,59732","3417,370229"
"9190,349603","6191,601269",44,"16,94957134",Não,Centro,Médio,"9859,310296","3068,007611"
"8696,286073","4211,036782",33,"16,72318385",Sim,Bairro,Grande,"8647,333318","1908,825198"
"10815,10639","3452,223456",22,"19,07610397",Não,Centro,Pequeno,"10423,86203","1287,05281"
"8727,515341","7458,060492",33,"20,85650716",Sim,Centro,Pequeno,"8422,531355","3879,83302"
"7678,156175","4837,578058",24,"18,41311772",Sim,Centro,Médio,"11967,05652","2165,108788"
"8023,235022","4902,54875",26,"21,58492281",Sim,Centro,Médio,"7805,525956","2335,210601"
"17373,21128","5420,574189",30,"14,49132294",Sim,Centro,Grande,"14443,63154","2732,907626"
"6822,432063","3385,960543",30,,Sim,Centro,Médio,"11802,02497","1826,285711"
"5577,103616","4271,780889",30,"29,46005316",Sim,Bairro,Pequeno,"9196,542544","2283,475671"
"7095,267443","3459,557595",28,"21,98938557",Sim,Bairro,Grande,"8269,970681","1649,414925"
"10081,0483","4306,905386",32,"18,01485933",Não,Centro,Grande,"11811,11704","2121,629718"
"9357,146256","5118,849433",24,"18,60021076",Sim,Bairro,Médio,"12690,60156","2436,725611"
"6848,046015","3635,290542",31,"23,92559266",Sim,Centro,Grande,"5520,562164","1876,382957"
"9615,913007","5589,982679",29,"18,94839593",Sim,Bairro,Pequeno,"13805,30425","2819,66569"
"8180,193664","5289,344029",35,"20,96057482",Sim,Centro,Médio,"8934,367848","2798,714076"
"9163,125909","4095,784974",31,"18,67637187",Não,Centro,Grande,"7812,430939","1880,344149"
"10402,9946","5226,324942",26,"17,49304471",Sim,Bairro,Grande,"10196,86573","2312,826442"
"10588,48539","5748,081162",32,"23,01094907",Sim,Zona Rural,Grande,"9218,00374","3218,596089"
"7840,349042","6061,095253",28,"20,70747279",Não,Centro,Médio,"12580,26373","2745,624069"
"7453,469963","4787,151721",30,"26,50906333",Não,Bairro,Grande,"11323,07347","2379,195486"
"8120,073238","4906,363206",22,"14,37301571",Sim,Centro,Médio,"8637,354547","2154,816055"
"6191,469713","4913,285865",32,"19,32346297",Sim,Bairro,Pequeno,"11460,68515","2503,938078"
"9920,917949","6441,461756",28,,Sim,Zona Rural,Médio,"9483,481133","3153,250726"
"12605,11047","6125,071892",39,"14,62568833",Sim,Bairro,Médio,"9909,20435","2811,184974"
"9508,01502","5834,401568",25,"24,98929363",Sim,Centro,Grande,"10234,77507","2665,784435"
"5743,0609","4712,6592",28,"19,46300125",Não,Centro,Grande,"9842,818095","2229,384343"
"8770,577517","5373,241434",27,"13,07221005",Sim,Bairro,Grande,"7858,920218","2726,351894"
"9251,166603","5403,290331",29,"17,03929686",Sim,Centro,Grande,"13412,46328","2649,889481"
"7203,207894","3958,326706",29,"14,4733322",Sim,Bairro,Pequeno,"8588,481989","1792,244904"
"4165,182378","3271,695485",32,"25,19544256",Sim,Bairro,Grande,"8219,368752","1610,453627"
"3085,70721","5641,830028",23,"32,71452228",Sim,Bairro,Grande,"7176,623413","2628,82459"
"11037,75748","3470,689469",30,"16,6314209",Sim,Centro,Grande,"10926,24167","1589,56222"
"9248,956723","5001,683688",25,"19,53884996",Sim,Centro,Grande,"8197,642294","2186,069061"
"6344,611527","5250,247821",35,"21,39867517",Sim,Bairro,Médio,"9077,619109","2529,124971"
"4825,684971","5563,86739",24,"33,5447971",Sim,Zona Rural,Pequeno,"10269,86381","2563,654844"
"7369,278548","5189,426238",39,"8,354982682",Sim,Centro,Pequeno,"9238,32828","2705,658235"
"6221,955434","4267,146194",29,"17,43022132",Não,Centro,Pequeno,"9549,434015","2562,873775"
"13564,54887","5986,36586",36,"13,98602621",Sim,Bairro,Grande,"10264,91904","3173,064103"
"12563,27571","6738,633767",30,"18,86187597",Sim,Centro,Grande,"11517,43156","3282,996099"
"10172,78199","5881,178809",28,"18,62050391",Sim,Centro,Grande,"13949,95391","3091,949364"
"8198,219611","3056,349099",34,"16,35095597",Não,Bairro,Pequeno,"8040,553623","1677,959283"
"7950,039234","6399,576185",33,"29,17077859",Sim,Bairro,Grande,"12157,66783","3398,486852"
"13193,35776","4943,944054",28,"21,28532669",Sim,Bairro,Grande,"11665,15512","2775,813446"
"5050,763643","5524,914279",38,"31,96792687",Sim,Centro,Médio,"4254,100921","2676,030254"
"12350,99045","5622,033236",31,"24,11808313",Sim,Bairro,Grande,"9881,648148","2932,48094"
"8650,430857","4903,313927",31,"13,67343925",Sim,Bairro,Grande,"11083,23954","2471,393838"
"10622,30522","4924,736802",24,"16,23254392",Sim,Centro,Médio,"13315,43493","2178,86828"
"6397,984483","6019,157069",24,"21,3651921",Não,Centro,Médio,"7198,167775","2963,086003"
"9530,83936","5711,601922",20,"17,11050529",Sim,Centro,Médio,"9586,535664","2874,493513"
"6434,23112","5990,262246",34,"21,77144845",Sim,Bairro,Grande,"5814,897435","2826,353464"
"7791,901827","7382,926695",25,"23,66286321",Sim,Zona Rural,Médio,"10973,09829","3875,875887"
"8721,533102","5664,415864",25,"22,10561138",Sim,Centro,Grande,"12424,58136","3031,21694"
"12274,15195","5207,381157",31,"19,32693583",Sim,Centro,Médio,,"2920,206348"
"9375,624016","2789,366889",37,"16,78230533",Sim,Bairro,Grande,"11420,23311","1815,360104"
"12141,49169","7691,714003",27,"13,55339655",Não,Bairro,Médio,"8157,168231","3798,847767"
"8540,792856","4517,323178",29,"21,70447449",Sim,Centro,Grande,"12193,50404","2257,529506"
"9785,513776","7374,734715",38,"24,61167837",Não,Centro,Médio,"9911,924609","3818,046197"
"10163,6092","5374,643568",33,"19,60165295",Sim,Centro,Grande,"10391,18413","2541,36079"
"8585,667724","6538,430199",31,"23,76808826",Sim,Centro,Pequeno,"10132,45306","3609,465035"
"8063,332298","4890,289679",20,"31,13764842",Sim,Bairro,Grande,"10931,60045","2421,85946"
"8723,178287","5511,470755",26,"29,66910641",Não,Centro,Médio,"10954,98921","2769,848162"
"8138,885414","5213,95798",22,"17,52547262",Sim,Bairro,Médio,"11670,21693","2461,783701"
"10639,07076","4813,879301",24,"22,73355921",Não,Centro,Grande,"11625,91088","2686,390938"
"14467,08554","4879,606175",35,"16,48894681",Sim,Bairro,Médio,"13116,17467","2375,601056"
"10204,49752","6012,834336",23,"23,44906712",Sim,Centro,Grande,"11463,62578","3029,901871"
"10466,41863","4798,541853",38,"19,7081843",Não,Bairro,Grande,"9948,473178","2483,360691"
"5545,774869","2962,317506",25,"21,38793789",Não,Centro,Grande,"6176,80749","1810,625284"
"9127,21654","4804,110751",36,"15,70492693",Sim,Centro,Médio,"10208,4775","2664,203433"
"9012,455667","5539,790606",39,"26,02688958",Sim,Bairro,Grande,"6953,693385","2950,292122"
"10120,35133","5616,455716",31,"19,57910017",Sim,Bairro,Pequeno,"12127,5268","2733,956061"
"7185,751629","5616,567817",26,"17,77040021",Sim,Bairro,Grande,"7872,00842","2860,249687"
"9304,06565",,27,"19,61689314",Sim,Bairro,Grande,"8995,976577","1930,205655"
"12980,23978","5368,742058",43,"20,3819919",Sim,Centro,Médio,"11899,75151","2730,957952"
"9178,649599","5967,85921",19,"28,18432006",Sim,Centro,Grande,"8093,672954","2890,058154"
"11785,26485","6276,578681",43,"14,44638006",Sim,Centro,Pequeno,"11140,22543","3458,737844"
"5652,809692","4775,038729",34,"32,29495602",Não,Centro,Médio,"7533,548856","2540,92078"
"7670,668514","4678,107414",25,"16,13343807",Não,Bairro,Pequeno,"7202,948409","2541,113992"
"5912,178478","6487,837832",26,"20,87321687",Sim,Bairro,Pequeno,"11388,18913","3356,532962"
"9955,570697","3332,071954",37,"9,709293176",Não,Centro,Grande,"11035,83046","1447,235742"
"6224,157194","4563,170023",21,"16,72769735",Sim,Bairro,Grande,"10170,93474","2243,334205"
"6355,17584","5457,462079",20,"23,65886682",Sim,Centro,Pequeno,"8238,201904","2706,757263"
"4882,893227","3382,226235",22,"22,52616529",Sim,Centro,Grande,"10691,38012","2075,854534"
"13569,79258","5279,627862",42,"22,05286111",Não,Centro,Grande,"12260,95635","2584,410254"
"8425,598034","6877,864021",25,"17,66617348",Não,Bairro,Médio,"9686,726016","3307,956368"
"9868,759324","4995,939347",37,"10,78213767",Sim,Zona Rural,Pequeno,"11559,40468","2222,835402"
"12929,96811","4721,545975",38,"14,63587686",Sim,Centro,Médio,"11695,00045","2211,576011"
"11816,02752","5474,911714",34,"18,85085617",Sim,Bairro,Grande,"9950,158538","2744,845202"
"7412,255674","4720,927829",27,"23,10818587",Não,Bairro,Médio,"10441,52062","2252,958589"
"4052,622754","5813,400374",27,"24,18722741",Sim,Centro,Médio,"9159,480846","3216,454006"
"10728,42527","5904,435464",35,"18,48555975",Sim,Bairro,Pequeno,"8660,932222","2847,586446"
"7872,677428","5002,691661",29,"19,24223733",Sim,Bairro,Médio,"9432,660736","2362,181614"
"5155,805054","3823,307842",25,"19,18574239",Sim,Bairro,Grande,"5771,620944","1708,414693"
"6815,404034","3681,779273",32,"20,28922766",Sim,Centro,Médio,"10439,55679","2016,763766"
"5590,570767","4407,002634",25,"27,68572443",Não,Centro,Pequeno,"12428,86296","2394,136071"
"7251,681081","5797,380501",26,"16,36643736",Sim,Centro,Pequeno,"11055,99866","2620,837163"
"8502,206535","3041,794825",43,"18,9761864",Sim,Bairro,Grande,"12926,35374","1265,555763"
"8785,892529","3113,674841",24,"20,39363146",Sim,Bairro,Pequeno,"9977,630987","1740,274105"
"5516,868277","4346,220175",33,"13,30867053",Sim,Zona Rural,Grande,"6086,414089","2522,594864"
"9291,052952","5394,394848",30,"15,39485382",Sim,Centro,Grande,"8976,281394","2536,829682"
"8491,62203","4086,433952",25,"21,00130974",Sim,Centro,Médio,"8860,873235","1712,534141"
"11892,08874","5886,749037",31,"22,13534564",Sim,Bairro,Grande,"11943,41429","2968,331627"
"4458,55428","5333,36997",25,"25,70045105",Sim,Centro,Pequeno,"11243,43055","2939,044953"
"12803,8898","4829,360382",20,"17,67147022",Não,Centro,Médio,"13372,21056","2259,720748"
"7966,076261","5818,828137",17,"27,26950311",Não,Bairro,Médio,"9416,882815","2670,988844"
"11792,32378","5388,365163",25,"15,67721891",Sim,Centro,Médio,"11648,22712","2977,219912"
"7881,538413","4554,064973",30,"12,0185846",Sim,Centro,Grande,"9317,178961","2183,873423"
"8716,44119","5231,114934",28,"10,26993277",Não,Centro,Médio,,"2490,934354"
"8902,523804","5647,513358",37,"25,52025137",Sim,Centro,Médio,"10819,39336","2826,995473"
"9419,35618","5356,283345",31,"21,52436056",Sim,Bairro,Médio,"8328,424987","2638,033762"
"7666,937282","4341,989792",30,"19,34789055",Sim,Centro,Grande,"12141,02687","2263,328446"
"8569,380701","5855,202205",33,"18,53193306",Não,Centro,Médio,"10710,86779","3167,496339"
"10340,27365","6152,936226",25,"27,93127728",Não,Bairro,Grande,"9714,043557","2897,192924"
"10109,0674","5276,274557",30,"26,00572752",Sim,Zona Rural,Médio,"8538,741525","2310,743409"
"6466,369593","5144,104662",33,"14,98130144",Sim,Centro,Médio,"7981,646477","2820,768635"
"10195,15755","4924,374919",31,"13,04491509",Sim,Bairro,Grande,"5040,829626","2893,603962"
"10450,75468","7161,415846",35,"25,4264794",Sim,Centro,Médio,"11155,39612","3514,196551"
"8577,766426","5276,315532",36,"22,80305903",Não,Centro,Grande,"9309,761123","2826,097468"
"9887,695861","4841,705971",35,"17,44509507",Sim,Bairro,Médio,"8782,4145","2406,172395"
"8978,717277","2492,082198",27,"21,98225983",Não,Bairro,Pequeno,"11990,52979","1012,386012"
"9872,049417","3434,718235",43,"9,88384448",Sim,Bairro,Pequeno,"14685,21333","1707,935208"
"9943,275758","4922,326799",24,"16,67429264",Não,Bairro,Médio,"9940,004733","2661,387831"
"7932,869052","5206,294045",36,"22,17503603",Sim,Bairro,Grande,"10387,20164","2769,838021"
"12207,83337","5276,872459",29,"19,6354418",Sim,Bairro,Grande,"11724,34371","2722,420093"
"10632,56889","5821,50678",32,"13,59056178",Sim,Zona Rural,Médio,"13234,34384","2945,02658"
"6573,555484","4805,847591",34,"25,07633065",Não,Bairro,Médio,"10471,55509","2497,543343"
"11705,79362","6214,588794",26,"25,8152967",Sim,Bairro,Grande,"9864,060053","3133,612103"
"9697,260688","4078,483957",31,"15,29980081",Sim,Centro,Médio,"10193,47494","1949,148418"
"6035,323055","3791,55728",24,"19,07266685",Sim,Bairro,Grande,"10360,18132","2057,13327"
"9183,437689","3771,013822",30,"23,6530697",Não,Bairro,Médio,"10710,52683","1969,10503"
"7348,909742","5742,297024",32,"24,31862421",Sim,Bairro,Médio,"8581,509436","3295,429184"
"10189,09788","4917,080058",28,"17,35626193",Não,Centro,Grande,"9488,647218","2507,726315"
"9341,642338","5789,817922",28,"15,6073008",Não,Centro,Grande,"6555,793793","2930,664025"
"6335,233085","4732,293578",37,"21,72537703",Sim,Bairro,Médio,"9574,59987","2631,512841"
"9153,558441","4408,107898",28,"10,41990891",Não,Bairro,Grande,"8979,608789","1949,260513"
"10042,61662","4631,647425",30,"15,24961205",Não,Bairro,Grande,"11629,16389","2508,984982"
"6873,170806","3147,383176",32,"23,86793564",Não,Bairro,Grande,"9899,196225","1331,337951"
"3148,625151","3830,38474",27,"11,48100797",Não,Bairro,Médio,"8103,432888","2125,315754"
"7276,810117","3557,965354",43,"13,99611437",Sim,Bairro,Médio,"8934,934108","1883,632206"
"9711,549632","6054,322272",30,"18,79607468",Não,Centro,Pequeno,"9319,760911","3127,181348"
"9267,323531","4402,669909",23,"18,48963249",Sim,Bairro,Médio,"7830,387389","1849,244749"
"14058,4452","5789,459853",37,"11,22977621",Sim,Centro,Médio,"11982,10813","2663,654565"
"11193,12185","6516,490602",19,"22,54689421",Sim,Centro,Grande,"10475,17041","3652,33554"
"9162,082482","4808,225191",36,"14,89271831",Não,Centro,Médio,"10892,94143","2401,809974"
"8426,387843","5283,878906",47,"19,20970531",Não,Bairro,Grande,"6852,674046","2309,034411"
"5483,313996","3248,932481",36,"19,01713896",Sim,Bairro,Médio,"7546,456232","1583,775474"
"9429,870477","4181,330222",25,"23,4831437",Não,Bairro,Grande,"8909,666287","2024,196662"
"8296,052216","5056,214849",31,"19,6700927",Não,Bairro,Médio,"12512,85472","2893,203002"
"9172,30847","5299,086903",42,"19,32826007",Não,Centro,Pequeno,"9256,574957","2654,538513"
"9612,831978","4240,601883",26,"28,27370422",Sim,Bairro,Pequeno,"12291,18716","2500,643832"
"12633,28272","7684,858999",32,"21,85947441",Sim,Centro,Grande,"10998,45612","3911,121806"
"8144,104744","4541,609861",23,"23,11770231",Sim,Bairro,Médio,"9642,210227","2042,974052"
"6565,754151","5064,243557",26,"22,37449313",Sim,Zona Rural,Pequeno,"8592,295528","2589,272987"
"8905,855882","5649,791867",31,"22,85817313",Sim,Bairro,Grande,"12714,96156","2737,330321"
"9123,044543","4973,981365",37,"26,67868234",Sim,Centro,Grande,"11199,04186","2637,677935"
"6322,209168","4356,432613",26,"19,7144792",Sim,Centro,Médio,"9951,487105","2219,21104"
"10396,11189","6045,305664",24,"21,21421973",Sim,Bairro,Grande,"10297,20985","2960,318304"
"7680,803818","6615,545323",26,"29,84817066",Sim,Centro,Pequeno,"8759,227123","3684,106857"
"11394,26453","4970,306029",34,"17,34980843",Sim,Bairro,Grande,"13730,91791","2252,820158"
"11398,23237","5562,267345",32,"26,4550449",Sim,Centro,Grande,"11174,61002","2531,290126"
"13430,23387","4902,587501",40,"16,96460902",Sim,Zona Rural,Médio,"11813,37923","2302,60545"
"7829,742481","6016,455218",30,"28,55069838",Sim,Zona Rural,Médio,"8007,973337","2944,377441"
"8805,000147","3843,832606",31,"16,6687631",Sim,Centro,Grande,"6893,444422","1688,339122"
"10828,60459","7320,860224",23,"15,92813862",Não,Bairro,Grande,"13934,57564","3809,667192"
"7523,391671","4396,468752",25,"25,18201312",Sim,Centro,Médio,"10141,08949","2060,787344"
"6528,497279","3541,150586",26,"24,82465766",Sim,Centro,Médio,"8907,078637","1726,558934"
"10050,734","4649,082173",31,"22,75855419",Sim,Zona Rural,Grande,"9858,875289","2165,077938"
"9744,24912","5146,708484",31,"21,36594265",Sim,Bairro,Grande,"9038,300656","2703,937862"
"11941,15281","6623,621208",32,"21,20929902",Sim,Zona Rural,Grande,"12055,22366","3513,088603"
"9421,175329","5911,209677",27,"30,27380353",Não,Centro,Médio,"11418,16958","2985,516265"
"10186,61551","5142,458432",35,"12,83732752",Sim,Bairro,Médio,"14572,55943","2737,590873"
"8337,355802","3610,516476",34,"15,06831841",Sim,Zona Rural,Grande,"7305,9788","1692,539666"
"5861,655147","4133,962255",43,"13,60429939",Sim,Bairro,Médio,"9323,53071","1994,731835"
"10734,77568","4836,715068",41,"24,80377745",Sim,Bairro,Pequeno,"10987,57069","2503,047452"
"13507,03937","7553,026113",26,"18,77179032",Sim,Bairro,Médio,"13321,15419","3897,871623"
"6227,816845","3139,772426",33,"19,34995772",Não,Centro,Pequeno,"7964,189348","1264,410001"
"11846,21195","6131,054652",29,"28,91653409",Sim,Centro,Médio,"10040,67877","3295,117353"
"8214,717075","4472,765743",33,"17,10486774",Sim,Centro,Grande,"9211,886088","2112,876708"
"10851,63839","6665,9909",31,"30,11397301",Sim,Bairro,Grande,"6852,902296","3285,896189"
"9832,77573","3860,79936",32,"12,95279593",Sim,Centro,Grande,"7852,045576","1925,785484"
"12379,7685","5143,623235",29,"26,58917807",Sim,Centro,Grande,"7651,44993","2320,763291"
"9224,223581","3900,449058",31,"21,61560501",Sim,Bairro,Grande,"6410,618785","2097,916581"
"12566,49884","5903,516426",37,"18,0569974",Sim,Centro,Grande,"10470,40592","2911,282328"
"10965,29886","6483,779489",34,"19,13581548",Não,Centro,Pequeno,"10325,66653","3255,558132"
"12317,46949","6950,721006",32,"26,69487334",Sim,Bairro,Grande,"11460,2231","3391,101781"
"12242,85729","5797,600658",31,"28,51902936",Sim,Bairro,Grande,"12512,96164","2995,403288"
"10433,51944","6843,266255",29,"11,60766089",Sim,Centro,Médio,"6113,140666","3500,94735"
"10124,69689","6246,423909",21,"37,10547304",Sim,Centro,Grande,"9166,390738","3327,121233"
"5940,502084","4868,125088",27,"32,88971327",Sim,Bairro,Médio,"7781,348769","2302,409159"
"13683,16427","5477,037238",31,"17,37339083",Sim,Centro,Grande,"10312,63291","2998,23769"
"8828,26061","4028,005789",27,"19,67809047",Sim,Bairro,Médio,"11967,02671","2021,943537"
"8280,17801","4814,797831",40,"16,68226322",Sim,Centro,Grande,"10754,43789","2105,537562"
"11956,51226","6220,963708",23,"19,53499456",Sim,Zona Rural,Médio,"9835,528699","2970,337414"
"5728,577111","5541,284143",25,"23,69929719",Não,Centro,Grande,"9279,105445","2883,955826"
"9013,129008","5457,357332",33,"20,51681407",Não,Zona Rural,Pequeno,"10093,78611","2508,403153"
"8368,245126","3961,86896",34,"20,96003499",Sim,Bairro,Grande,"11706,70557","1607,296811"
"11678,24905","4395,48677",25,"27,39403801",Sim,Centro,Grande,"11816,88821","2145,014911"
"10761,44961","4235,393986",31,"8,980657607",Sim,Centro,Pequeno,"10787,93428","2219,300979"
"8220,52552","5395,29587",23,"17,54278476",Não,Bairro,Médio,"12233,82501","2890,055933"
"10642,7292","4009,49237",35,"20,72208636",Sim,Centro,Médio,"10101,12889","1699,136466"
"11249,49503","5562,04139",28,"16,08449681",Sim,Zona Rural,Médio,"12936,93438","2912,028855"
"8373,259715","3883,583588",30,"25,3048312",Não,Centro,Grande,"7996,373787","1833,716452"
"12754,98934","6828,530458",33,"17,77247179",Sim,Bairro,Médio,"10547,18372","3232,074276"
"6576,837142","5460,591349",20,"17,85409923",Não,Bairro,Grande,"6372,237794","2624,79073"
"9255,40218","4298,996388",32,"25,945059",Não,Centro,Grande,"10935,86488","2123,989365"
"1182,511885","5241,045933",32,"24,17147037",Sim,Bairro,Médio,"5250,121379","2623,129315"
"8251,457754","4647,546801",27,"19,24846261",Sim,Centro,Grande,"9429,717503","2292,405813"
"10864,33536","5371,14796",29,"18,36121434",Sim,Zona Rural,Pequeno,"10157,30372","2518,048409"
"11953,28131","5243,532719",26,"12,75917355",Sim,Zona Rural,Médio,"11010,35617","2673,23959"
"8934,263902","3985,885827",31,"16,51357708",Sim,Bairro,Médio,"8810,03273","2046,166011"
"6100,63625","4208,686121",23,"32,99245116",Não,Zona Rural,Médio,"8873,307953","2145,455056"
"10592,61625","5299,593685",34,"19,81292493",Sim,Bairro,Pequeno,"10096,46907","2590,013061"
"8267,047926","6639,051909",38,"24,56745945",Sim,Centro,Grande,"8856,891574","3350,68613"
"8998,783851","6084,617009",29,"19,07736751",Sim,Bairro,Médio,"10952,82516","2747,281763"
"7720,708669","4375,432526",32,"23,04912148",Sim,Bairro,Grande,"11087,79707","2048,586354"
"8783,989325","5825,922902",29,,Não,Zona Rural,Médio,"7547,628491","2601,076243"
"7948,813691","4951,431647",33,"26,81960978",Sim,Centro,Pequeno,"9353,573824","2292,546032"
"10866,18282","5301,313652",31,"17,48183291",Não,Centro,Pequeno,"12480,22317","2583,506603"
"10562,46333","5260,361491",31,"11,45469916",Sim,Bairro,Grande,"8976,81228","3027,455366"
"13026,70971","7575,449764",36,"24,49274842",Sim,Bairro,Grande,"8749,232419","3790,803568"
"11870,41193","3814,711189",24,"18,81132987",Não,Centro,Médio,"11937,00537","1865,076837"
"4692,0123","5100,919859",37,"27,3170379",Sim,Centro,Médio,"7510,376466","2427,007381"
"8663,694444","3220,022712",34,"20,62189133",Não,Centro,Grande,"9191,761875","1448,377247"
"5972,839198","5589,835923",20,"27,26870422",Sim,Bairro,Pequeno,"8685,795491","2705,33959"
"10453,57625","6096,608472",29,"21,7511348",Sim,Zona Rural,Médio,"6990,400615","3282,219167"
"11043,31612","6445,662241",32,"18,2548726",Sim,Zona Rural,Médio,"9481,137022","3450,305908"
"10040,99755","3074,854748",43,"23,62799304",Sim,Centro,Pequeno,"10415,61971","1474,513911"
"6228,560078","5412,769497",32,"17,70380785",Sim,Centro,Médio,"8656,305301","2724,382081"
"8575,601834","6593,369951",25,"28,42379616",Não,Bairro,Médio,"9800,44394","3343,206797"
"11607,75678","4585,984137",26,"20,73292008",Não,Centro,Médio,"10885,05604","2211,499411"
"9261,537507","4787,849468",43,"9,850714535",Não,Zona Rural,Grande,"10422,15951","2365,578489"
"5812,220308","4963,462778",18,"17,6391496",Sim,Centro,Médio,"8894,916217","2485,665157"
"8580,666289","5365,018751",31,"11,83814037",Sim,Centro,Médio,"8352,039887","2903,06916"
"10569,11653","5665,159876",38,"9,10822347",Sim,Centro,Grande,"10776,53569","2855,528463"
"12320,24007","6317,820884",23,"20,29604326",Não,Centro,Grande,"11880,33146","3320,180408"
"6773,318844","4904,51241",31,"23,23930318",Não,Centro,Médio,"9641,61782","2794,123628"
"8360,444134","5196,278045",29,"16,19286556",Não,Bairro,Grande,"7912,191135","2493,996871"
"6010,568547","7487,997877",28,"13,35578837",Sim,Centro,Médio,"5317,548785","3889,437334"
"8554,345252","5431,098928",29,"16,98984626",Não,Zona Rural,Pequeno,"7834,027303","2598,778318"
"11621,6508","5188,753109",33,"12,24737364",Sim,Centro,Grande,"8623,770033","2211,658588"
"5983,366312","3657,756875",24,"23,51500898",Sim,Centro,Médio,"12418,00239","1551,192956"
"12594,37929","5002,856048",35,"22,87251503",Sim,Zona Rural,Grande,"10360,56146","2501,384745"
"7388,86682","4778,673847",30,"12,02354245",Não,Centro,Médio,"10632,13008","2557,598807"
"9687,486412","4988,95417",24,"16,87965569",Sim,Centro,Médio,"10095,1799","2522,677958"
"7046,297354","4424,582359",19,,Sim,Bairro,Pequeno,"8450,757995","2324,602352"
"6513,902607","4313,184348",26,"19,15970382",Sim,Centro,Médio,"11008,81608","2557,239779"
"7543,246246","4279,226368",34,"20,04757946",Sim,Centro,Grande,"8309,044014","1819,123173"
"9896,982081","4785,495485",21,"22,08620112",Não,Centro,Médio,"11346,03128","2731,119716"
"8299,877188","6368,132648",31,"23,13417098",Sim,Centro,Médio,"8125,550975","3343,834172"
"8894,733924","6049,086627",28,"26,03121569",Não,Bairro,Médio,"11559,94551","3129,017618"
"12441,95749","4640,024882",32,"23,86282684",Sim,Bairro,Grande,"13127,5893","2289,797773"
"8329,630939","3314,083545",34,"13,11216468",Não,Centro,Grande,"7552,714293","1748,680642"